line_number,code,text,context
9,optional,"This Annex I uses precise terminology to indicate the requirements, the recommendations and options that companies may choose.",
10,requirement,The term ‘ shall ’ indicates what is required for a PEF study to be compliant with this method.,"This Annex I uses precise terminology to indicate the requirements, the recommendations and options that companies may choose."
11,recommendation,The term ‘ should ’ indicates a recommendation rather than a requirement.,The term ‘ shall ’ indicates what is required for a PEF study to be compliant with this method.
12,recommendation,Any deviation from a ‘should’ recommendation must be justified by the party conducting the study and made transparent.,The term ‘ should ’ indicates a recommendation rather than a requirement.
13,optional,The term ‘ may ’ indicates an option that is permissible,Any deviation from a ‘should’ recommendation must be justified by the party conducting the study and made transparent.
28,optional,The aggregated dataset may have been aggregated horizontally and/or vertically.,Aggregated datasets are also called ‘LCI results’ datasets.
37,optional,Benchmark – a standard or point of reference against which any comparison may be made.,"For example, most of the upstream life-cycle processes and generally all processes further downstream will be considered part of the background processes."
54,optional,To determine the level of representativeness a sampling procedure may be applied.,It is synonymous to ‘primary data‘.
69,requirement,The data quality shall be considered as the quality of the dataset as documented.,"Data quality rating (DQR) - semi-quantitative assessment of the quality criteria of a dataset, based on technological representativeness, geographical representativeness, time-related representativeness, and precision."
76,optional,The disaggregation may help make data more specific.,Disaggregation – the process that breaks down an aggregated dataset into smaller unit process datasets (horizontal or vertical).
77,recommendation,The process of disaggregation should never compromise or threaten to compromise the quality and consistency of the original aggregated dataset.,The disaggregation may help make data more specific.
81,optional,"EF communication vehicles – all the possible ways that may be used to communicate the results of the EF study to the stakeholders (e.g. labels, environmental product declarations, green claims, websites, infographics, etc.).",Ecotoxicity is a result of a variety of different toxicological mechanisms caused by the release of substances with a direct effect on the health of the ecosystem.
116,optional,These indirect effects may be mainly assessed by means of economic modelling of the demand for land or by modelling the relocation of activities on a global scale.,"Indirect land use change (iLUC) – this occurs when a demand for a certain land use leads to changes, outside the system boundary, i.e. in other land use types."
175,optional,"Such data may take the form of activity data, or foreground elementary flows (life cycle inventory).",Primary data – data from specific processes within the supply chain of the user of the PEF method or user of the PEFCR.
177,optional,"Primary data may be obtained through meter readings, purchase records, utility bills, engineering models, direct monitoring, material/product balances, stoichiometry, or other methods for obtaining data from specific processes in the value chain of the user of the PEF method or user of the PEFCR.","Primary data are site-specific, company-specific (if multiple sites for the same product) or supply chain specific."
189,optional,"Refurbishment – the process of restoring components to a functional and/or satisfactory state compared to the original speciﬁcation (providing the same function), using methods such as resurfacing, repainting, etc. Refurbished products may have been tested and verified to function properly.",Reference flow – measure of the outputs from processes in a given product system required to fulfil the function expressed by the functional unit.
191,optional,Representative product (model) – this may be a real or virtual (non-existing) product.,Releases – emissions to air and discharges to water and soil.
192,recommendation,The virtual product should be calculated based on average European market sales-weighted characteristics for all existing technologies/materials covered by the product category or sub-category.,Representative product (model) – this may be a real or virtual (non-existing) product.
193,optional,"Other weighting sets may be used, if justified – for example weighted average based on mass (ton of material) or weighted average based on product units (pieces).",The virtual product should be calculated based on average European market sales-weighted characteristics for all existing technologies/materials covered by the product category or sub-category.
199,requirement,"The document shall carry the electronic or handwritten signature of the reviewer (or the lead reviewer, if a reviewer panel is involved)","Review report - a documentation of the review process that includes the review statement, all relevant information about the review process, the detailed comments from the reviewer(s) and the corresponding responses, and the outcome."
204,recommendation,A sample should represent the whole population and not reflect bias toward a specific attribute.,Samples are used in statistical testing when population sizes are too large for the test to include all possible members or observations.
207,optional,"Secondary data includes industry average data (e.g., from published production data, government statistics and industry associations), literature studies, engineering studies and patents) and may also be based on financial data, and contain proxy and other generic data.","This refers to data that is not directly collected, measured or estimated by the company, but rather sourced from a third party LCI database or other sources."
216,optional,The process is investigated to see whether it may be subdivided.,Subdivision – subdividing involves disaggregating multifunctional processes or facilities to isolate the input flows directly associated with each process or facility output.
217,recommendation,"Where subdivision is possible, inventory data should be collected only for those unit processes directly attributable to the products/services of concern.",The process is investigated to see whether it may be subdivided.
221,optional,Sub-processes may be presented in their (partially) aggregated form (see Figure 1).,Sub-processes – processes used to represent the activities of the level 1 processes (=building blocks).
244,requirement,This document is mandatory and shall carry the electronic or handwritten signature of the verifier or (where a verification panel is involved) the lead verifier.,Validation statement – conclusive document aggregating the conclusions from the verifiers or the verification team regarding the EF study.
247,optional,"This document is mandatory, but it may be confidential.","Verification report – documentation of the verification process and findings, including detailed comments from the verifier(s), as well as the corresponding responses."
248,requirement,The document shall carry the electronic or handwritten signature of the verifier or (where a verification panel is involved) the lead verifier.,"This document is mandatory, but it may be confidential."
258,optional,"Weighted EF results may be directly compared across impact categories, and also summed across impact categories to obtain a single overall score.","PEF results are multiplied by a set of weighting factors (in %), which reflect the perceived relative importance of the impact categories considered."
293,requirement,"All PEF studies shall be conducted in compliance with a PEFCR, if a PEFCR is available for the product in scope.",Comparisons and comparative assertions are allowed only if PEF studies are conducted in compliance with a PEFCR.
295,optional,"A PEFCR may further specify requirements made in the PEF method and add new requirements, if the PEF method leaves more than one choice.",Requirements for developing PEFCRs are specified in part A of Annex II.
297,recommendation,"PEFCRs should, as far as possible, and recognising the different application contexts, be compliant with existing relevant international product category rules (PCR).","The objective is to ensure that PEFCRs are developed according to the PEF method and that they provide the specifications needed to achieve the comparability, increased reproducibility, consistency, relevance, focus and efficiency of PEF studies."
299,optional,"They may be used as a basis for developing a PEFCR, in line with the requirements provided in Annex II.","If other PCRs are available from other schemes, these are to be listed and evaluated."
304,optional,The results of PEF studies are the basis for the provision of EF information and they may be used in a diverse number of potential fields of application.,"The rules provided in the PEF method enable practitioners to conduct PEF studies that are more reproducible, consistent, robust, verifiable and comparable."
330,requirement,"This method provides the rules necessary to conduct a PEF study and is presented in a sequential manner, in the order of the methodological steps that shall be completed when calculating a PEF.",** Green procurement (public and corporate).
337,requirement,"The bill of material (BoM) shall be specific of the product in scope,",To perform a PEF study the following two requirements shall be met:
338,requirement,The modelling of the manufacturing processes shall be based on company-specific data (e.g. energy needed to assemble the materials/components of the product in scope).,To perform a PEF study the following two requirements shall be met:
339,requirement,"Note : For companies producing more than one product, the activity data used (including the BoM) shall be specific to the product in scope of the study.",* The modelling of the manufacturing processes shall be based on company-specific data (e.g. energy needed to assemble the materials/components of the product in scope).
340,requirement,"To produce reliable, reproducible, and verifiable PEF studies, a core suite of analytical principles shall be adhered to.","Note : For companies producing more than one product, the activity data used (including the BoM) shall be specific to the product in scope of the study."
342,requirement,"They shall be considered with respect to each phase of PEF studies, from defining the goal and the scope, through data collection, impact assessment, reporting and verification of study outcomes.",These principles provide overarching guidance on how to apply the PEF method.
343,requirement,Users of this method shall observe the following principles in conducting a PEF study:,"They shall be considered with respect to each phase of PEF studies, from defining the goal and the scope, through data collection, impact assessment, reporting and verification of study outcomes."
347,requirement,All methods used and data collected for the purpose of quantifying the PEF shall be as relevant to the study as possible.,Users of this method shall observe the following principles in conducting a PEF study:
351,requirement,"Quantification of the PEF shall include all environmentally relevant material/energy flows and other environmental interventions as required for adherence to the defined system boundary, the data requirements, and the impact assessment methods employed.",All methods used and data collected for the purpose of quantifying the PEF shall be as relevant to the study as possible.
355,requirement,"Strict conformity to this method shall be observed in all steps of the PEF study, to ensure internal consistency and comparability.","Quantification of the PEF shall include all environmentally relevant material/energy flows and other environmental interventions as required for adherence to the defined system boundary, the data requirements, and the impact assessment methods employed."
359,requirement,All reasonable effort shall be taken to reduce uncertainties in product system modelling and the reporting of results.,"Strict conformity to this method shall be observed in all steps of the PEF study, to ensure internal consistency and comparability."
363,requirement,"PEF information shall be disclosed in such a way as to provide intended users with the necessary basis for decision-making, and for stakeholders to assess its robustness and reliability.",All reasonable effort shall be taken to reduce uncertainties in product system modelling and the reporting of results.
367,requirement,"A number of phases shall be completed in carrying out a PEF study in line with this method - i.e. goal definition, scope definition, life cycle inventory (LCI), life cycle impact assessment (LCIA), interpretation of PEF results and PEF reporting – see Figure 2.","PEF information shall be disclosed in such a way as to provide intended users with the necessary basis for decision-making, and for stakeholders to assess its robustness and reliability."
381,optional,"In fact, as data are collected and more is learned about the system, new data requirements or limitations may be identified that require a change in the data collection procedures so the goals of the study will still be met.",The LCI is an iterative process.
401,requirement,This shall be reflected in the defined study limitations (scope definition phase).,"In defining goals, it is important to identify the intended applications and the degree of analytical depth and rigour of the study."
403,requirement,Intended application(s);,The goal definition for a PEF study shall include:
404,requirement,Reasons for carrying out the study and decision context;,The goal definition for a PEF study shall include:
405,requirement,Target audience;,The goal definition for a PEF study shall include:
406,requirement,Commissioner of the study;,The goal definition for a PEF study shall include:
407,requirement,Identity of the verifier.,The goal definition for a PEF study shall include:
413,requirement,Functional unit and reference flow;,The scope definition shall be in line with the defined goals of the study and shall include (see subsequent sections for a more detailed description):
414,requirement,System boundary;,The scope definition shall be in line with the defined goals of the study and shall include (see subsequent sections for a more detailed description):
415,requirement,EF impact categories ( );,The scope definition shall be in line with the defined goals of the study and shall include (see subsequent sections for a more detailed description):
416,requirement,Additional information to be included;,The scope definition shall be in line with the defined goals of the study and shall include (see subsequent sections for a more detailed description):
417,requirement,Assumptions/limitations.,The scope definition shall be in line with the defined goals of the study and shall include (see subsequent sections for a more detailed description):
425,recommendation,"The number of products needed to fulfil the lifetime of the product should always be rounded up, unless there is a valid reason for not doing this.",All other input and output flows in the analysis quantitatively relate to it.
426,optional,The reference flow may be expressed in direct relation to the FU or in a more product-oriented way.,"The number of products needed to fulfil the lifetime of the product should always be rounded up, unless there is a valid reason for not doing this."
427,requirement,Users of the PEF method shall define the FU and the reference flow for the PEF study.,The reference flow may be expressed in direct relation to the FU or in a more product-oriented way.
428,requirement,"They shall also describe which aspects of the product are not covered by the FU and justify why (e.g., because they are not quantifiable or intrinsically subjective).",Users of the PEF method shall define the FU and the reference flow for the PEF study.
430,requirement,The function(s)/service(s) provided: ‘ what ’;,The FU for a PEF study shall be defined according to the following aspects:
431,requirement,The extent of the function or service: ‘ how much ’;,The FU for a PEF study shall be defined according to the following aspects:
432,requirement,The expected level of quality: ‘ how well ’;,The FU for a PEF study shall be defined according to the following aspects:
433,requirement,The duration/life time of the product: ‘ how long ’;,The FU for a PEF study shall be defined according to the following aspects:
434,requirement,"If shelf-life (indicated for example as ‘best before date’ or ‘use by date’) is provided on the packaging (e.g. number of months) of food products, then food losses at storage, retail, and consumer stages shall be quantified.",* The duration/life time of the product: ‘ how long ’;
435,requirement,"If the type of packaging affects the shelf-life, it shall be taken into account.","If shelf-life (indicated for example as ‘best before date’ or ‘use by date’) is provided on the packaging (e.g. number of months) of food products, then food losses at storage, retail, and consumer stages shall be quantified."
437,requirement,"If applicable standards exist, they shall be used and cited in the PEF study when defining the FU.",This is relevant for the ‘how long’ aspect of the FU.
438,requirement,"The International System of Units (SI), commonly known as the metric system, shall always be used.","If applicable standards exist, they shall be used and cited in the PEF study when defining the FU."
457,optional,"For intermediate products, the FU is more difficult to define as it may often fulfil multiple functions and the whole life cycle of the product is not known.","Reference flow: amount of product needed to fulfil the defined function, to be measured in grams (g) per day."
458,recommendation,"Therefore, a declared unit should be applied, for example, mass (kilograms) or volume (cubic meters).","For intermediate products, the FU is more difficult to define as it may often fulfil multiple functions and the whole life cycle of the product is not known."
459,optional,"In this case, the reference flow may correspond to the FU.","Therefore, a declared unit should be applied, for example, mass (kilograms) or volume (cubic meters)."
464,requirement,The reason for and potential significance of any exclusion shall be justified and documented.,"The system boundary defines which parts of the product life cycle and which associated life cycle stages and processes belong to the analysed system (i.e. are required for carrying out its function as defined by the FU), except for those processes excluded based on the cut-off rule (see section 4.6.4)."
465,requirement,"The system boundary shall be defined following a general supply-chain logic, including all stages from raw material acquisition and pre-processing, production of the main product, product distribution and storage, use stage and end of life treatment of the product (if appropriate, see section 4.2).",The reason for and potential significance of any exclusion shall be justified and documented.
466,requirement,"The co-products, by-products and waste streams of at least the foreground system shall be clearly identified.","The system boundary shall be defined following a general supply-chain logic, including all stages from raw material acquisition and pre-processing, production of the main product, product distribution and storage, use stage and end of life treatment of the product (if appropriate, see section 4.2)."
469,requirement,It shall clearly indicate the activities or processes that are included and those that are excluded from the analysis.,A system boundary diagram (or flow diagram) is a schematic representation of the analysed system.
470,requirement,The user of the PEF method shall highlight where company-specific data were used.,It shall clearly indicate the activities or processes that are included and those that are excluded from the analysis.
471,requirement,The activity and/or process names in the system diagram and in the PEF report shall be aligned.,The user of the PEF method shall highlight where company-specific data were used.
472,requirement,The system diagram shall be included in the scope definition and included in the PEF report.,The activity and/or process names in the system diagram and in the PEF report shall be aligned.
481,requirement,"For a PEF study, all EF impact categories shall be applied, without exclusion.",Table 2 provides a default list of EF impact categories and related assessment methods.
482,requirement,The full list of CFs that shall be used is provided within the EF reference package ( ),"For a PEF study, all EF impact categories shall be applied, without exclusion."
487,optional,Relevant potential environmental impacts of a product may go beyond the EF impact categories.,Further information on impact assessment calculations is provided in section 5 of this Annex.
489,optional,"Similarly, relevant technical aspects and/or physical properties of the product in scope may need to be taken into account.","It is important to report them, whenever feasible, as additional environmental information."
490,requirement,These aspects shall be reported as additional technical information.,"Similarly, relevant technical aspects and/or physical properties of the product in scope may need to be taken into account."
495,requirement,"In compliance with relevant legislation, for instance the Unfair Commercial Practices Directive (UCPD) ( ) and related guidance;",Additional environmental information shall be:
496,requirement,Relevant to the particular product or product category;,Additional environmental information shall be:
497,requirement,"Additional to the EF impact categories: additional environmental information shall not reflect the same or similar EF impact categories, shall not substitute the characterisation models of the EF impact categories and shall not report results of new |characterisation factors (CFs) added to EF impact categories.",Additional environmental information shall be:
498,requirement,The supporting models for this additional information shall be clearly referenced and documented together with the corresponding indicators.,"* Additional to the EF impact categories: additional environmental information shall not reflect the same or similar EF impact categories, shall not substitute the characterisation models of the EF impact categories and shall not report results of new |characterisation factors (CFs) added to EF impact categories."
499,optional,"For example, biodiversity impacts due to land use changes may occur in association with a specific site or activity.",The supporting models for this additional information shall be clearly referenced and documented together with the corresponding indicators.
500,optional,"This may require the application of additional impact categories that are not included among the EF impact categories, or even additional qualitative descriptions, where impacts may not be linked to the product supply chain in a quantitative manner.","For example, biodiversity impacts due to land use changes may occur in association with a specific site or activity."
501,recommendation,Such additional methods should be viewed as complementary to the EF impact categories.,"This may require the application of additional impact categories that are not included among the EF impact categories, or even additional qualitative descriptions, where impacts may not be linked to the product supply chain in a quantitative manner."
502,requirement,Additional environmental information shall only be related to environmental aspects.,Such additional methods should be viewed as complementary to the EF impact categories.
503,requirement,"Information and instructions, e.g. product safety sheets that are not related to the environmental performance of the product, shall not be part of additional environmental information.",Additional environmental information shall only be related to environmental aspects.
505,optional,Information on local/site-specific impacts;,Additional environmental information may include:
506,optional,Offsets;,Additional environmental information may include:
507,optional,Environmental indicators or product responsibility indicators (e.g. as per the Global Reporting Initiative (GRI));,Additional environmental information may include:
508,optional,"For gate-to-gate assessments, number of IUCN (International Union for Conservation of Nature and Natural Resources) Red List species and national conservation list species with habitats in areas affected by operations, by level of extinction risk;",Additional environmental information may include:
509,optional,"Description of significant impacts of activities, products, and services on biodiversity in protected areas and in areas of high biodiversity value outside protected areas;",Additional environmental information may include:
510,optional,Noise impacts;,Additional environmental information may include:
511,optional,Other environmental information considered relevant within the scope of the PEF study.,Additional environmental information may include:
515,requirement,"Considering the high relevance of biodiversity for many product groups, each PEF study shall explain whether biodiversity is relevant for the product in scope.","However, the PEF method includes at least eight impact categories that have an effect on biodiversity (i.e., climate change, eutrophication (aquatic freshwater), eutrophication (aquatic marine), eutrophication (terrestrial), acidification, water use, land use, ecotoxicity freshwater)."
516,requirement,"If that is the case, the user of the PEF method shall include biodiversity indicators under additional environmental information.","Considering the high relevance of biodiversity for many product groups, each PEF study shall explain whether biodiversity is relevant for the product in scope."
518,optional,"expressing the (avoided) impact on biodiversity as the percentage of material that comes from ecosystems that have been managed to maintain or enhance conditions for biodiversity, as demonstrated by regular monitoring and reporting of biodiversity levels and gains or losses (e.g. less than 15% loss of species richness due to disturbance – though the PEF studies may set their own loss level, if they can make a convincing case for it and not in contradiction to a relevant existing PEFCR).",The following options may be used to cover biodiversity:
519,recommendation,The assessment should refer to materials that end up in the final products and to materials that have been used during the production process.,"* expressing the (avoided) impact on biodiversity as the percentage of material that comes from ecosystems that have been managed to maintain or enhance conditions for biodiversity, as demonstrated by regular monitoring and reporting of biodiversity levels and gains or losses (e.g. less than 15% loss of species richness due to disturbance – though the PEF studies may set their own loss level, if they can make a convincing case for it and not in contradiction to a relevant existing PEFCR)."
523,recommendation,The user of the PEF method should determine which certification schemes provide sufficient evidence for ensuring biodiversity maintenance and describe the criteria used.,* To use a certification system as a proxy.
524,optional,"The user of the PEF method may choose other, relevant indicators to cover the impacts of the product on biodiversity.",The user of the PEF method should determine which certification schemes provide sufficient evidence for ensuring biodiversity maintenance and describe the criteria used.
525,requirement,The PEF study shall motivate the choice and describe the chosen methodology.,"The user of the PEF method may choose other, relevant indicators to cover the impacts of the product on biodiversity."
530,optional,Bill of materials data;,Additional technical information may include (non-exhaustive list):
531,optional,"Reversible disassembly, ease of assembly, reparability and other circular economy-related information;",Additional technical information may include (non-exhaustive list):
532,optional,Information on the use of hazardous substances;,Additional technical information may include (non-exhaustive list):
533,optional,Information on the disposal of hazardous/non-hazardous waste;,Additional technical information may include (non-exhaustive list):
534,optional,Information on energy consumption;,Additional technical information may include (non-exhaustive list):
535,optional,"Technical parameters, such as the use of: renewable versus non-renewable energy; renewable versus non-renewable fuels; secondary materials; fresh water resources;",Additional technical information may include (non-exhaustive list):
536,optional,Total weight of waste by type and disposal method;,Additional technical information may include (non-exhaustive list):
537,optional,"Weight of transported, imported, exported, or treated waste deemed hazardous under the terms of the Basel Convention ( ) Annexes I, II, III, and VIII, and percentage of transported waste shipped internationally;",Additional technical information may include (non-exhaustive list):
538,optional,Information and data related to the functional unit and technical performance of the product.,Additional technical information may include (non-exhaustive list):
539,optional,Information on biodegradability and compostability;,Additional technical information may include (non-exhaustive list):
541,requirement,The biogenic carbon content at factory gate (physical content and allocated content);,"When the product in scope is an intermediate product, additional technical information shall include:"
542,requirement,Recycled content (R 1 );,"When the product in scope is an intermediate product, additional technical information shall include:"
543,requirement,"Results with application-specific A-values of the circular footprint formula (CFF), if relevant.","When the product in scope is an intermediate product, additional technical information shall include:"
547,optional,"In PEF studies, several limitations on carrying out the analysis may arise and therefore assumptions need to be made.","* Results with application-specific A-values of the circular footprint formula (CFF), if relevant."
548,requirement,All limitations (e.g. data gaps) and assumptions shall be transparently reported.,"In PEF studies, several limitations on carrying out the analysis may arise and therefore assumptions need to be made."
552,requirement,"An inventory of all material, energy and waste inputs and outputs and emissions into air, water and soil for the product supply chain shall be compiled as a basis for modelling the PEF.",All limitations (e.g. data gaps) and assumptions shall be transparently reported.
555,requirement,elementary flows;,The life cycle inventory (LCI) shall adopt the following classification of flows included:
556,requirement,non-elementary (or complex) flows (e.g. product or waste flows).,The life cycle inventory (LCI) shall adopt the following classification of flows included:
557,requirement,"Within the PEF study, all non-elementary flows in the LCI shall be modelled up to the level of elementary flows, apart from the product flow for the product in scope.",* non-elementary (or complex) flows (e.g. product or waste flows).
558,requirement,"For example, waste flows shall not only be included in the study as kg of household waste or hazardous waste, but shall be modelled up to the stage of emissions into water, air and soil, from the treatment of the solid waste.","Within the PEF study, all non-elementary flows in the LCI shall be modelled up to the level of elementary flows, apart from the product flow for the product in scope."
560,requirement,"Therefore, the LCI dataset of the PEF study shall contain only elementary flows, apart from the product flow for the product in scope.",The LCI modelling is therefore only complete when all non-elementary flows are expressed as elementary flows.
564,optional,An initial screening of the LCI – the ‘screening step’ – may be performed because it helps focus data collection activities and data quality priorities.,"Therefore, the LCI dataset of the PEF study shall contain only elementary flows, apart from the product flow for the product in scope."
565,requirement,"A screening step shall include the LCIA phase and result in further, iterative refinements to the life cycle model for the product in scope, as more information becomes available.",An initial screening of the LCI – the ‘screening step’ – may be performed because it helps focus data collection activities and data quality priorities.
566,optional,"Within a screening step, no cut-off is allowed and readily available primary or secondary data may be used, fulfilling the data quality requirements to the extent possible (as defined in section 4.6).","A screening step shall include the LCIA phase and result in further, iterative refinements to the life cycle model for the product in scope, as more information becomes available."
567,optional,"Once the screening is performed, the initial scope settings may be refined.","Within a screening step, no cut-off is allowed and readily available primary or secondary data may be used, fulfilling the data quality requirements to the extent possible (as defined in section 4.6)."
572,requirement,raw material acquisition and pre-processing (including production of parts and components);,"As a minimum, the default life cycle stages in a PEF study shall be:"
573,requirement,manufacturing (production of the main product);,"As a minimum, the default life cycle stages in a PEF study shall be:"
574,requirement,distribution (product distribution and storage);,"As a minimum, the default life cycle stages in a PEF study shall be:"
575,requirement,use;,"As a minimum, the default life cycle stages in a PEF study shall be:"
576,requirement,end of life (including product recovery or recycling).,"As a minimum, the default life cycle stages in a PEF study shall be:"
577,requirement,"If a different name is used for any of these default stages, the user shall specify which default stage it corresponds to.",* end of life (including product recovery or recycling).
578,optional,"If there is valid need to do so, the user of the PEF method may decide to split or add life cycle stages.","If a different name is used for any of these default stages, the user shall specify which default stage it corresponds to."
579,requirement,The reason(s) for doing this shall be set out in the PEF report.,"If there is valid need to do so, the user of the PEF method may decide to split or add life cycle stages."
580,optional,"For example, the life cycle stage 'Raw material acquisition and pre-processing' may be split into 'Raw material acquisition', 'pre-processing', and 'raw materials supplier transport'.",The reason(s) for doing this shall be set out in the PEF report.
582,requirement,distribution (justified exceptions are allowed);,"For intermediate products, the following life cycle stages shall be excluded:"
583,requirement,use;,"For intermediate products, the following life cycle stages shall be excluded:"
584,requirement,"end of life (including product, recovery / recycling)","For intermediate products, the following life cycle stages shall be excluded:"
590,optional,mining and extraction of resources;,Examples of processes that may occur in this stage include:
591,optional,"pre-processing of all material inputs to the product in scope, including recyclable materials;",Examples of processes that may occur in this stage include:
592,optional,agricultural and forestry activities;,Examples of processes that may occur in this stage include:
593,optional,"transportation within and between extraction and pre-processing facilities, and to the production facility.",Examples of processes that may occur in this stage include:
594,requirement,Packaging production shall be modelled as part of the ‘Raw material acquisition and pre-processing’ life cycle stage.,"* transportation within and between extraction and pre-processing facilities, and to the production facility."
604,requirement,The waste of products used during manufacturing shall be included in the modelling for the manufacturing stage.,* assembly of material components.
605,requirement,The circular footprint formula (section 4.4.8) shall be applied to such waste.,The waste of products used during manufacturing shall be included in the modelling for the manufacturing stage.
609,optional,Products are distributed to users and may be stored at various points along the supply chain.,The circular footprint formula (section 4.4.8) shall be applied to such waste.
616,requirement,Waste from products used during distribution and storage shall be included in the modelling.,* roads and trucks.
617,requirement,"The circular footprint formula (section 4.4.8) shall be applied to such waste, and the results taken into consideration under the distribution stage.",Waste from products used during distribution and storage shall be included in the modelling.
618,requirement,Default loss rates per type of product during distribution and at the consumer are provided in part F of Annex II and shall be used if no specific information is available.,"The circular footprint formula (section 4.4.8) shall be applied to such waste, and the results taken into consideration under the distribution stage."
627,requirement,"Waste generated by using the product, such as food waste and its primary packaging or the product itself once no longer functional, is excluded from the use stage and shall be part of the EoL stage of the product.",The use stage includes all activities and products that are needed for proper use of the product (i.e. to ensure it performs its original function throughout its lifetime).
634,optional,Market surveys or other market data;,The following sources of technical information on the use scenario may be taken into account:
635,optional,Published international standards that specify guidance and requirements for developing scenarios for the use stage and scenarios for (i.e. estimation of) the service life of the product;,The following sources of technical information on the use scenario may be taken into account:
636,optional,Published national guidelines for the development of scenarios for the use stage and scenarios for (i.e. estimation of) the service life of the product;,The following sources of technical information on the use scenario may be taken into account:
637,optional,Published industry guidelines for developing scenarios for the use stage and scenarios for (i.e. estimation of) the service life of the product.,The following sources of technical information on the use scenario may be taken into account:
638,recommendation,The manufacturer’s recommended method to be applied in the use stage (e.g. cooking in an oven at a specified temperature for a specified time) should be used to provide a basis for determining the use stage of a product.,* Published industry guidelines for developing scenarios for the use stage and scenarios for (i.e. estimation of) the service life of the product.
639,recommendation,"The actual usage pattern may, however, differ from those recommended and should be used if this information is available and documented.",The manufacturer’s recommended method to be applied in the use stage (e.g. cooking in an oven at a specified temperature for a specified time) should be used to provide a basis for determining the use stage of a product.
640,requirement,Default loss rates per type of product during distribution and at consumer are provided in part F of Annex II and shall be used if no specific information is available.,"The actual usage pattern may, however, differ from those recommended and should be used if this information is available and documented."
645,requirement,Transport from retail to consumer home shall be excluded from the use stage and shall instead be included in the distribution stage.,"If the product lifetime is extended to that of a product with original product specifications (providing the same function), these processes shall be included in the FU and reference flow."
646,requirement,The transport to EoL shall be excluded from the use stage and instead be included in the end of life stage.,"If the product lifetime is extended to that of a product with original product specifications (providing the same function), these processes shall be included in the FU and reference flow."
647,requirement,Waste from products used during the use stage shall be included in the modelling for the use stage.,* The transport to EoL shall be excluded from the use stage and instead be included in the end of life stage.
648,requirement,The circular footprint formula (section 4.4.8) shall be applied to such waste.,Waste from products used during the use stage shall be included in the modelling for the use stage.
649,requirement,The PEF report shall document the methods and assumptions used for this stage.,The circular footprint formula (section 4.4.8) shall be applied to such waste.
650,requirement,All relevant assumptions for the use stage shall be documented.,The PEF report shall document the methods and assumptions used for this stage.
657,requirement,"Waste generated during the manufacturing, distribution, retail, use stage or after use shall be included in the life cycle of the product and modelled at the life cycle stage where it occurs.","In general this includes the waste from the product in scope, such as food waste and primary packaging."
658,requirement,The end of life stage shall be modelled using the circular footprint formula and requirements provided in section 4.4.8.,"Waste generated during the manufacturing, distribution, retail, use stage or after use shall be included in the life cycle of the product and modelled at the life cycle stage where it occurs."
659,requirement,The user of the PEF method shall include all EoL processes applicable to the product in scope.,The end of life stage shall be modelled using the circular footprint formula and requirements provided in section 4.4.8.
669,requirement,"For intermediate products, the EoL of the product in scope shall be excluded.",* Landfilling and landfill operation and maintenance.
674,requirement,"For all elementary flows, the nomenclature shall be aligned with the most recent version of the EF reference package available on the EF developer’s page ( ).",LCI data shall be compliant with EF requirements:
675,requirement,"For the process datasets and product flow, the nomenclature shall be compliant with the ‘ILCD Handbook – Nomenclature and other conventions’ ( ).",LCI data shall be compliant with EF requirements:
702,requirement,The rules described in the LEAP Guideline shall be followed ( ).,* cut-off.
706,requirement,"Crop type specific and country/region/climate-specific data for yield, water and land use, land use change, fertiliser (artificial and organic) amount (N, P amount) and pesticide amount (per active ingredient), per hectare per year, shall be used.",The rules described in the LEAP Guideline shall be followed ( ).
710,requirement,Cultivation data shall be collected over a period of time sufficient to provide an average assessment of the LCI associated with the inputs and outputs for crop growing that will offset fluctuations due to seasonal differences.,"Crop type specific and country/region/climate-specific data for yield, water and land use, land use change, fertiliser (artificial and organic) amount (N, P amount) and pesticide amount (per active ingredient), per hectare per year, shall be used."
712,requirement,"For annual crops, an assessment period of at least three years shall be used (to level out differences in crop yields related to fluctuations in growing conditions over the years such as climate, pests and diseases, etc.).","This shall be undertaken as described in the LEAP guidelines, set out below:"
713,requirement,"Where data covering a three-year period is not available, i.e. due to starting up a new production system (e.g. new greenhouse, newly cleared land, shift to other crop), the assessment may be conducted over a shorter period, but shall be not less than 1 year.","* For annual crops, an assessment period of at least three years shall be used (to level out differences in crop yields related to fluctuations in growing conditions over the years such as climate, pests and diseases, etc.)."
714,requirement,"Crops or plants grown in greenhouses shall be considered to be annual crops/ plants, unless the growth cycle is significantly less than a year and another crop is grown consecutively within that year.","Where data covering a three-year period is not available, i.e. due to starting up a new production system (e.g. new greenhouse, newly cleared land, shift to other crop), the assessment may be conducted over a shorter period, but shall be not less than 1 year."
716,requirement,"For perennial plants (including entire plants and edible portions of perennial plants), a steady state situation (i.e. where all development stages are proportionally represented in the studied time period) shall be assumed and a three-year period shall be used to estimate the inputs and outputs.","Tomatoes, peppers and other crops, which are grown and harvested over a longer period through the year, are considered to be annual crops."
717,requirement,"Where the different stages in the growth cycle may be of differing durations, a correction shall be made by adjusting the crop areas allocated to different development stages, in proportion to the crop areas expected in a theoretical steady state.","Tomatoes, peppers and other crops, which are grown and harvested over a longer period through the year, are considered to be annual crops."
718,requirement,The application of such corrections shall be explained and recorded in the PEF report.,"* Where the different stages in the growth cycle may be of differing durations, a correction shall be made by adjusting the crop areas allocated to different development stages, in proportion to the crop areas expected in a theoretical steady state."
720,requirement,"For crops that are grown and harvested in less than one year (e.g. lettuce produced in 2 to 4 months) data shall be gathered in relation to the specific time period for production of a single crop, from at least three recent consecutive cycles.",The LCI of perennial plants and crops shall not be undertaken until the production system actually yields output.
721,optional,Averaging over three years may best be done by first gathering annual data and calculating the LCI per year and then determining the three-year average.,"* For crops that are grown and harvested in less than one year (e.g. lettuce produced in 2 to 4 months) data shall be gathered in relation to the specific time period for production of a single crop, from at least three recent consecutive cycles."
725,requirement,Pesticide emissions shall be modelled as specific active ingredients.,Averaging over three years may best be done by first gathering annual data and calculating the LCI per year and then determining the three-year average.
728,requirement,"The pesticides applied to the field shall be modelled as 90% emitted to the agricultural soil compartment, 9% emitted to air and 1% emitted to water (based on expert judgement, due to current limitations).","Therefore, default emission fractions to environmental emission compartments are needed in the LCI modelling."
729,optional,More specific data may be used if available.,"The pesticides applied to the field shall be modelled as 90% emitted to the agricultural soil compartment, 9% emitted to air and 1% emitted to water (based on expert judgement, due to current limitations)."
734,requirement,"NH 3 , to air (from the use of N-fertiliser);",Fertiliser (and manure) emissions shall be differentiated per fertiliser type and cover as a minimum:
735,requirement,"N 2 O, to air (direct and indirect) (from the use of N-fertiliser);",Fertiliser (and manure) emissions shall be differentiated per fertiliser type and cover as a minimum:
736,requirement,"CO 2 , to air (from the use of lime, urea and urea-compounds);",Fertiliser (and manure) emissions shall be differentiated per fertiliser type and cover as a minimum:
737,requirement,"NO 3 , to water unspecified (leaching from the use of N-fertiliser);",Fertiliser (and manure) emissions shall be differentiated per fertiliser type and cover as a minimum:
738,requirement,"PO 4 , to water unspecified or freshwater (leaching and run-off of soluble phosphate from the use of P-fertiliser);",Fertiliser (and manure) emissions shall be differentiated per fertiliser type and cover as a minimum:
739,requirement,"P, to water unspecified or freshwater (soil particles containing phosphorous, from the use of P-fertiliser).",Fertiliser (and manure) emissions shall be differentiated per fertiliser type and cover as a minimum:
743,requirement,"Therefore, within the EF context, the LCI should be modelled as the amount of P emitted to water after run-off and the emission compartment ‘water’ shall be used.","This aligns with approach (i), where the impact assessment model starts after run-off, i.e. when P leaves the agricultural field."
744,requirement,"When this amount is not available, the LCI may be modelled as the amount of P applied to the agricultural field (through manure or fertilisers) and the emission compartment ‘soil’ shall be used.","Therefore, within the EF context, the LCI should be modelled as the amount of P emitted to water after run-off and the emission compartment ‘water’ shall be used."
747,requirement,"Therefore, N emissions to soil shall not be modelled.",The impact assessment marine eutrophication starts after N leaves the field (soil).
748,requirement,The amount of emissions ending up in the different air and water compartments per amount of fertilisers applied to the field shall be modelled within the LCI.,"Therefore, N emissions to soil shall not be modelled."
749,requirement,N emissions shall be calculated from nitrogen applications by the farmer to the field and excluding external sources (e.g. rain deposition).,The amount of emissions ending up in the different air and water compartments per amount of fertilisers applied to the field shall be modelled within the LCI.
751,requirement,"For N-fertilisers, the Tier 1 emissions factors of Table 2-4 of IPCC (2006) shall be used, as reproduced in Table 3, except when better data is available.",The number of emissions factors is fixed in the EF context by following a simplified approach.
752,optional,"If better data is available, a more comprehensive nitrogen field model may be used in the PEF study, provided (i) it covers at least the emissions requested above, (ii) N is balanced in inputs and outputs and (iii) it is described in a transparent way.","For N-fertilisers, the Tier 1 emissions factors of Table 2-4 of IPCC (2006) shall be used, as reproduced in Table 3, except when better data is available."
753,optional,The above nitrogen field model has limitations – so a PEF study which has agricultural modelling in scope may test the following alternative approach and report the results in an Annex to the PEF report.,"If better data is available, a more comprehensive nitrogen field model may be used in the PEF study, provided (i) it covers at least the emissions requested above, (ii) N is balanced in inputs and outputs and (iii) it is described in a transparent way."
755,requirement,The total NO 3 - N emission to water is considered a variable and its total inventory shall be calculated as:,The N-balance is calculated using the parameters in Table 4 and the formula below.
756,requirement,"If, in certain low-input schemes, the value for ‘additional NO 3 - N emissions to water’ becomes negative, the value shall be set to ‘0‘.",The total NO 3 - N emission to water is considered a variable and its total inventory shall be calculated as:
762,requirement,Heavy metal emissions from field inputs shall be modelled as emission to soil and/or leaching or erosion to water.,This last step serves to avoid fertility-depletion schemes by capturing the N-depletion by the analysed crop that is assumed to lead to the need for additional fertiliser later on and to keep the same soil fertility level.
763,requirement,"The inventory to water shall specify the oxidation state of the metal (e.g., Cr +3 , Cr +6 ).",Heavy metal emissions from field inputs shall be modelled as emission to soil and/or leaching or erosion to water.
766,requirement,The final fate of the heavy metal elementary flows is not further considered within the system boundary: the inventory does not account for the final emissions of the heavy metals and therefore shall not account for the uptake of heavy metals by the crop.,Two different modelling approaches are allowed:
770,requirement,The final fate (emission compartment) of the heavy metal elementary flows is considered within the system boundary: the inventory does account for the final emissions (release) of the heavy metals in the environment and therefore shall also account for the uptake of heavy metals by the crop.,"Therefore, the uptake of heavy metals by the crop shall not be modelled."
772,requirement,"Therefore, the inventory of the agricultural stage shall account for the uptake of heavy metals by the crop.","For example, heavy metals in agricultural crops grown for feed will mainly end up in the animal digestion and used as manure back on the field where the metals are released in the environment and their impacts are captured by the impact assessment methods."
773,optional,"A limited amount ends up in the animal, which may be neglected for simplification.","Therefore, the inventory of the agricultural stage shall account for the uptake of heavy metals by the crop."
777,requirement,"Methane emissions from rice cultivation shall be included, based on the calculation rules in section 5.5. of IPCC (2006)","A limited amount ends up in the animal, which may be neglected for simplification."
781,requirement,Drained peat soils shall include carbon dioxide emissions on the basis of a model that relates the drainage levels to annual carbon oxidation.,"Methane emissions from rice cultivation shall be included, based on the calculation rules in section 5.5. of IPCC (2006)"
786,requirement,"input of seed material (kg/ha),","If applicable, the following activities shall be included in agricultural modelling, unless they are allowed to be excluded, based on the cut-off criteria:"
787,requirement,"input of peat to soil (kg/ha + C/N ratio),","If applicable, the following activities shall be included in agricultural modelling, unless they are allowed to be excluded, based on the cut-off criteria:"
788,requirement,"input of lime (kg CaCO 3 /ha, type),","If applicable, the following activities shall be included in agricultural modelling, unless they are allowed to be excluded, based on the cut-off criteria:"
789,requirement,"machine use (hours, type) (to be included if there is high level of mechanisation),","If applicable, the following activities shall be included in agricultural modelling, unless they are allowed to be excluded, based on the cut-off criteria:"
790,requirement,input N from crop residues that stay on the field or are burned (kg residue + N content/ha).,"If applicable, the following activities shall be included in agricultural modelling, unless they are allowed to be excluded, based on the cut-off criteria:"
792,requirement,"Unless it is clearly documented that operations are carried out manually, field operations shall be accounted for through total fuel consumption or through inputs of specific machinery, transports to/ from the field, energy for irrigation, or similar.","Including emissions from residue burning, drying and storage of products."
796,requirement,Electricity used from the grid shall be modelled as precisely as possible giving preference to supplier-specific data.,"Unless it is clearly documented that operations are carried out manually, field operations shall be accounted for through total fuel consumption or through inputs of specific machinery, transports to/ from the field, energy for irrigation, or similar."
798,requirement,"Therefore, the supplier shall guarantee that the electricity supplied to the organisation to produce the product is effectively generated using renewable sources and is not available anymore for other consumers.","If (part of) the electricity is renewable, it is important that no double counting occurs."
804,requirement,"Supplier-specific electricity product ( ) shall be used if, for a country, there is a 100% tracking system in place, or if:","In PEF studies the following electricity mix shall be used, in hierarchical order:"
807,requirement,The supplier-specific total electricity mix shall be used if:,** the set of minimum criteria to ensure the contractual instruments are reliable is met.
810,requirement,"The ‘country-specific residual grid mix, consumption mix’ shall be used.",** the set of minimum criteria to ensure the contractual instruments are reliable is met.
812,optional,This may be an EU or non-EU country.,Country-specific means the country in which the life cycle stage or activity occurs.
814,requirement,"As a last option, the average EU residual grid mix, consumption mix (EU+EFTA), or region representative residual grid mix, consumption mix, shall be used.",The residual grid mix prevents double counting with the use of supplier-specific electricity mixes in (a) and (b).
822,optional,A supplier-specific electricity product/mix may only be used if the user of the PEF method ensures that the contractual instrument meets the criteria specified below.,They represent the minimum features necessary to use supplier-specific mix within PEF studies.
823,requirement,"If contractual instruments do not meet the criteria, then the country-specific residual electricity consumption-mix shall be used in the modelling.",A supplier-specific electricity product/mix may only be used if the user of the PEF method ensures that the contractual instrument meets the criteria specified below.
825,requirement,A contractual instrument used for electricity modelling shall meet the following criteria.,"The list of criteria below is based on the criteria of the ‘GHG Protocol Scope 2 Guidance – An amendment to the GHG Protocol Corporate Standard’ (Mary Sotos, World Resource Institute) ( )."
828,requirement,"The energy type mix shall be calculated based on delivered electricity, incorporating certificates sourced and retired (obtained, acquired or withdrawn) on behalf of its customers.",Convey the energy type mix associated with the unit of electricity produced.
829,requirement,Electricity from facilities for which the attributes have been sold off (via contracts or certificates) shall be characterised as having the environmental attributes of the country residual consumption mix where the facility is located.,"The energy type mix shall be calculated based on delivered electricity, incorporating certificates sourced and retired (obtained, acquired or withdrawn) on behalf of its customers."
837,recommendation,"The user of the PEF method should identify suitable datasets for residual grid mix, consumption mix, each energy type, country and voltage.",Criterion 3 – be as close as possible to the period to which the contractual instrument is applied
839,recommendation,Activity data related to non-EU country consumption mix per detailed energy type shall be determined based on:,"If no suitable dataset is available, the following approach should be used: determine the country consumption mix (e.g. X% of MWh produced with hydro energy, Y% of MWh produced with coal power plant) and combine them with LCI datasets per energy type and country/region (e.g. LCI dataset for the production of 1MWh hydro energy in Switzerland)."
845,recommendation,These data should be found in International Energy Agency (IEA) publications.,"** type of fuel supply (share of resources used, by import and/or domestic supply)."
855,requirement,"If the consumed electricity comes from more than one electricity mix, each mix source shall be used in terms of its proportion in the total kWh consumed.","In general, the subdivision of electricity supply used among multiple products is based on a physical relationship (e.g. number of pieces or kg of product)."
856,requirement,"For example, if a fraction of this total kWh consumed comes from a specific supplier, a supplier-specific electricity mix shall be used for this amount.","If the consumed electricity comes from more than one electricity mix, each mix source shall be used in terms of its proportion in the total kWh consumed."
859,optional,"If the production (and the related electricity consumption) of a product occurs in a separate site (building), the energy type that is physically related to this site may be used.",A specific type of electricity may be allocated to one specific product with the following conditions.
860,optional,"If the production (and the related electricity consumption) of a product occurs in a space shared with specific energy metering or purchase records or electricity bills, the product-specific information (measure, record, bill) may be used.",A specific type of electricity may be allocated to one specific product with the following conditions.
861,optional,"If all the products produced in the specific plant are supplied with a publically available PEF study, the company that wants to make the claim related to energy used shall make all PEF studies available.",A specific type of electricity may be allocated to one specific product with the following conditions.
862,requirement,"The allocation rule applied shall be described in the PEF study, consistently applied in all PEF studies connected to the site and verified.","* If all the products produced in the specific plant are supplied with a publically available PEF study, the company that wants to make the claim related to energy used shall make all PEF studies available."
867,requirement,"In case a product is produced in different locations or sold in different countries, the electricity mix shall reflect the ratios of production or ratios of sales between EU countries/regions.",An example is the 100% allocation of a greener electricity mix to a specific product.
868,requirement,"To determine the ratio, a physical unit shall be used (e.g. number of pieces or kg of product).","In case a product is produced in different locations or sold in different countries, the electricity mix shall reflect the ratios of production or ratios of sales between EU countries/regions."
869,requirement,"For PEF studies where such data are not available, the average EU residual consumption mix (EU+EFTA), or region-representative residual mix, shall be used.","To determine the ratio, a physical unit shall be used (e.g. number of pieces or kg of product)."
870,requirement,The same general guidelines mentioned above shall be applied.,"For PEF studies where such data are not available, the average EU residual consumption mix (EU+EFTA), or region-representative residual mix, shall be used."
874,requirement,"During the use stage, the consumption grid mix shall be used.",The same general guidelines mentioned above shall be applied.
875,requirement,The electricity mix shall reflect the ratios of sales between EU countries/regions.,"During the use stage, the consumption grid mix shall be used."
876,requirement,"To determine the ratio, a physical unit shall be used (e.g. number of pieces or kg of product).",The electricity mix shall reflect the ratios of sales between EU countries/regions.
877,requirement,"Where such data are not available, the average EU consumption mix (EU+EFTA), or region-representative consumption mix, shall be used.","To determine the ratio, a physical unit shall be used (e.g. number of pieces or kg of product)."
881,requirement,"If on-site electricity production equals the site’s electricity consumption, two situations apply: no contractual instruments have been sold to a third party: the user of the PEF method shall model its own electricity mix (combined with LCI datasets). | contractual instruments have been sold to a third party: the user of the PEF method shall use ‘country-specific residual grid mix, consumption mix’ (combined with LCI datasets).","If on-site electricity production equals the site’s electricity consumption, two situations apply:"
884,optional,"If the amount of electricity produced exceeds the amount consumed on-site within the defined system boundary and is sold to, e.g. the electricity grid, this system may be seen as a multi-functional situation.","* contractual instruments have been sold to a third party: the user of the PEF method shall use ‘country-specific residual grid mix, consumption mix’ (combined with LCI datasets)."
886,requirement,"If possible, apply subdivision.",The system will provide two functions (e.g. product + electricity) and the following rules shall be followed.
888,recommendation,"If not possible, direct substitution shall be used.","This applies both to separate electricity productions or to a common electricity production where you may allocate, based on electricity amounts, the upstream and direct emissions to your own consumption and to the share you sell to a third party (e.g. if a company uses a windmill on its production site and exports 30% of the produced electricity, emissions related to 70% of produced electricity should be accounted for in the PEF study)."
889,requirement,The country-specific residual consumption electricity mix shall be used as substitution ( ).,"* If not possible, direct substitution shall be used."
895,requirement,"Transport type: the type of transport, e.g. by land (truck, rail, pipe), water (boat, ferry, barge), or air (airplane).",The following parameters shall be taken into account when modelling transport activities.
896,requirement,Vehicle type: the type of vehicle by transport type.,The following parameters shall be taken into account when modelling transport activities.
897,requirement,"Loading rate (=utilisation ratio; see next section) ( ): environmental impacts are directly linked to the actual loading rate, which therefore shall be considered.",The following parameters shall be taken into account when modelling transport activities.
899,requirement,"Number of empty returns: the number of empty returns (i.e. the ratio of the distance travelled to collect the next load after unloading the product to the distance travelled to transport the product), when applicable and relevant, shall be taken into account.",The loading rate affects the vehicle’s fuel consumption.
900,requirement,The kilometres travelled by the empty vehicle shall be allocated to the product.,"* Number of empty returns: the number of empty returns (i.e. the ratio of the distance travelled to collect the next load after unloading the product to the distance travelled to transport the product), when applicable and relevant, shall be taken into account."
902,requirement,"Transport distance : transport distances shall be documented, applying average transport distances specific to the context being considered.",In default transport datasets this is often already taken into account in the default utilisation ratio.
913,optional,"When a full freight’s mass is lower than the truck’s load capacity (e.g. 10 t), the transport of the product may be considered volume limited.","First, the truck has less fuel consumption per total load transported and second, its environmental impact is allocated by the load transported (e.g., 1/10 t)."
914,requirement,"In this case, the environmental impact shall be calculated using the real mass loaded.","When a full freight’s mass is lower than the truck’s load capacity (e.g. 10 t), the transport of the product may be considered volume limited."
915,recommendation,"In EF compliant datasets, the transport payload should be modelled in a parameterised way through the utilisation ratio.","In this case, the environmental impact shall be calculated using the real mass loaded."
917,requirement,The utilisation ratio is calculated as the kg real load divided by the kg payload and shall be adjusted when the dataset is used.,The utilisation ratio affects (i) the truck’s total fuel consumption and (ii) the allocation to impact per ton.
918,requirement,"In case the real load is 0 kg, a real load of 1 kg shall be used for the calculation.",The utilisation ratio is calculated as the kg real load divided by the kg payload and shall be adjusted when the dataset is used.
919,optional,Empty return trips may be included in the utilisation ratio by taking into account the percentage of empty km driven.,"In case the real load is 0 kg, a real load of 1 kg shall be used for the calculation."
921,requirement,PEF studies shall specify the utilisation ratio to be used for each type of truck transport modelled and clearly indicate whether the utilisation ratio includes empty return trips.,"E.g., if the truck is fully loaded for delivery but half empty upon its return, the utilisation ratio is: 22 t real load / 22 t payload * 50% km + 11 t real load / 22 t payload * 50% km = 75%."
922,requirement,"The following default utilisation ratios apply. If the load is mass-limited, a default utilisation ratio of 64% ( ) shall be used, unless specific data is available.",The following default utilisation ratios apply.
925,requirement,"Bulk transport (e.g., gravel transport from mining pit to concrete plant) shall be modelled with a default utilisation ratio of 50% (100% loaded outbound and 0% loaded inbound), unless specific data is available.",This default utilisation ratio includes empty return trips and thus shall not be modelled separately.
931,requirement,"If no specific information is available to perform the PEF study, a lorry of <1.2 t with a default utilisation ratio of 50% shall be used.","For vans, the limiting factor is volume rather than mass."
932,requirement,"In case no dataset for a lorry of <1.2 t is available, a lorry of <7.5 t shall be used as approximation with a utilisation ratio of 20%.","If no specific information is available to perform the PEF study, a lorry of <1.2 t with a default utilisation ratio of 50% shall be used."
937,requirement,Allocation of the car impact shall be based on volume.,A lorry of <7.5 t with a payload of 3.3 t and a utilisation ratio of 20% has the same load as a van with payload of 1.2 t and utilisation ratio of 50%.
939,requirement,For products larger than 0.2 m 3 the full car transport impact shall be considered.,The maximum volume to be considered for consumer transport is 0.2 m 3 (around 1/3 of a trunk of 0.6 m 3 ).
940,requirement,"For products sold through supermarkets or shopping malls, the product volume (including packaging and empty spaces such as between fruits or bottles) shall be used to allocate the transport burdens between the products transported.",For products larger than 0.2 m 3 the full car transport impact shall be considered.
941,requirement,The allocation factor shall be calculated as the volume of the product transported divided by 0.2 m 3 .,"For products sold through supermarkets or shopping malls, the product volume (including packaging and empty spaces such as between fruits or bottles) shall be used to allocate the transport burdens between the products transported."
942,requirement,"To simplify the modelling, all other types of consumer transport (like buying in specialised shops or using combined trips) shall be modelled as if sold through a supermarket.",The allocation factor shall be calculated as the volume of the product transported divided by 0.2 m 3 .
946,requirement,"For suppliers located within Europe, if no specific data are available to perform the PEF study, then the default data provided below shall be used.","To simplify the modelling, all other types of consumer transport (like buying in specialised shops or using combined trips) shall be modelled as if sold through a supermarket."
948,requirement,"230 km by truck (>32 t, EURO 4);","For packaging materials from manufacturing plants to filler plants (beside glass; values based on Eurostat 2015 ( ), the following scenario shall be used:"
949,requirement,280 km by train (average freight train); and,"For packaging materials from manufacturing plants to filler plants (beside glass; values based on Eurostat 2015 ( ), the following scenario shall be used:"
950,requirement,360 km by ship (barge).,"For packaging materials from manufacturing plants to filler plants (beside glass; values based on Eurostat 2015 ( ), the following scenario shall be used:"
952,requirement,"350 km by truck (>32 t, EURO 4);","For transport of empty bottles, the following scenario shall be used:"
953,requirement,39 km by train (average freight train); and,"For transport of empty bottles, the following scenario shall be used:"
954,requirement,87 km by ship (barge).,"For transport of empty bottles, the following scenario shall be used:"
956,requirement,"130 km by truck (>32 t, EURO 4);","For all other products from supplier to factory (values based on Eurostat 2015 ( ), the following scenario shall be used:"
957,requirement,240 km by train (average freight train); and,"For all other products from supplier to factory (values based on Eurostat 2015 ( ), the following scenario shall be used:"
958,requirement,270 km by ship (barge).,"For all other products from supplier to factory (values based on Eurostat 2015 ( ), the following scenario shall be used:"
960,requirement,"1 000 km by truck (>32 t, EURO 4), for the sum of distances from harbour/airport to factory outside and inside Europe;","For suppliers located outside of Europe, if no specific data are available to perform the PEF study, then the default data provided below shall be used:"
961,requirement,18 000 km by ship (transoceanic container) or 10 000 km by plane (cargo);,"For suppliers located outside of Europe, if no specific data are available to perform the PEF study, then the default data provided below shall be used:"
962,requirement,"if producers’ country (origin) is known, the adequate distance for ship and airplane should be determined using specific calculators ( );","For suppliers located outside of Europe, if no specific data are available to perform the PEF study, then the default data provided below shall be used:"
963,requirement,"in case it is not known whether the supplier is located within or outside Europe, transport shall be modelled as if the supplier was located outside of Europe.","For suppliers located outside of Europe, if no specific data are available to perform the PEF study, then the default data provided below shall be used:"
967,requirement,The transport from factory to final client (including consumer transport) shall be included in the distribution stage of the PEF study.,"* in case it is not known whether the supplier is located within or outside Europe, transport shall be modelled as if the supplier was located outside of Europe."
968,requirement,"In case no specific information is available, the default scenario outlined below shall be used as a basis.",The transport from factory to final client (including consumer transport) shall be included in the distribution stage of the PEF study.
970,requirement,"ratio between products sold through retail, distribution centre (DC) and directly to the final client;","The following values shall be determined by the user of the PEF method (specific information shall be used, unless it is unavailable):"
971,requirement,"for factory to final client: ratio between local, intracontinental and international supply chains;","The following values shall be determined by the user of the PEF method (specific information shall be used, unless it is unavailable):"
972,requirement,for factory to retail: distribution between intracontinental and international supply chains.,"The following values shall be determined by the user of the PEF method (specific information shall be used, unless it is unavailable):"
978,optional,"X% from factory to retail/distribution centre (DC): X% local supply chain: 1 200 km by truck (>32 t, EURO 4) X% intracontinental supply chain: 3 500 km by truck (>32 t, EURO 4) X% international supply chain: 1 000 km truck (>32 t, EURO 4), and 18 000 km by ship (transoceanic container).","Note that for specific cases, plane or train may be used instead of ship."
980,optional,"X% from DC to final client: 100% local: 250 km round trip by van (lorry <7.5 t, EURO 3, utilisation ratio of 20%).","Note that for specific cases, plane or train may be used instead of ship."
981,optional,"X% from retail to final client: 62%: 5 km, by passenger car (average) 5%: 5 km round trip, by van (lorry <7.5 t, EURO 3 with utilisation ratio of 20%) 33%: no impact modelled.","Note that for specific cases, plane or train may be used instead of ship."
982,requirement,"For reusable products, the return transport from retail/DC to factory shall be modelled in addition to the transport needed to go to retail/ DC.","* X% from retail to final client: 62%: 5 km, by passenger car (average) 5%: 5 km round trip, by van (lorry <7.5 t, EURO 3 with utilisation ratio of 20%) 33%: no impact modelled."
983,requirement,The same transport distances as from product factory to final client shall be used (see above).,"For reusable products, the return transport from retail/DC to factory shall be modelled in addition to the transport needed to go to retail/ DC."
985,requirement,Frozen or cooled products shall be transported in freezers or coolers.,However the truck utilisation ratio might be volume limited depending on the type of product.
989,optional,"The transport from where products at their EoL are collected to where they are treated may already be included in the landfill, incineration and recycling LCA datasets.",Frozen or cooled products shall be transported in freezers or coolers.
990,optional,"However, there are some cases where additional default data may be needed in the PEF study.","The transport from where products at their EoL are collected to where they are treated may already be included in the landfill, incineration and recycling LCA datasets."
992,requirement,consumer transport from home to sorting place: 1 km by passenger car;,The following values shall be used in case no better data is available:
993,requirement,"transport from collection place to methanisation: 100 km by truck (>32 t, EURO 4);",The following values shall be used in case no better data is available:
994,requirement,"transport from collection place to composting: 30 km by truck (lorry <7.5 t, EURO 3).",The following values shall be used in case no better data is available:
998,recommendation,"Capital goods (including infrastructure) and their EoL should be excluded, unless there is evidence from previous studies that they are relevant.","* transport from collection place to composting: 30 km by truck (lorry <7.5 t, EURO 3)."
999,requirement,"If capital goods are included, the PEF report shall include a clear and extensive explanation on why they are relevant, reporting all assumptions made.","Capital goods (including infrastructure) and their EoL should be excluded, unless there is evidence from previous studies that they are relevant."
1004,requirement,"The following default data shall be used, unless better data is available.",Storage activities consume energy and refrigerant gases.
1009,requirement,Energy consumption at retail : General energy consumption of 300 kWh/m 2 ·year for the entire building surface shall be considered as the default.,Note: the energy used for chilled or frozen storage is only the energy used to maintain the temperature.
1010,requirement,"For retail specialised in non-food/non-beverage products, 150 kWh/m 2 ·year for the entire building surface shall be considered.",Energy consumption at retail : General energy consumption of 300 kWh/m 2 ·year for the entire building surface shall be considered as the default.
1015,requirement,Only the portion of the emissions and resources emitted or used at storage systems shall be allocated to the product stored.,"For the portion of refrigerant gases that remain in the equipment at end of life, 5% is emitted at end of life and the remaining fraction is treated as hazardous waste."
1016,requirement,This allocation shall be based on the space (in m 3 ) and time (in weeks) occupied by the product stored.,Only the portion of the emissions and resources emitted or used at storage systems shall be allocated to the product stored.
1017,requirement,"For this, the total storage capacity of the system shall be known, and the product-specific volume and storage time shall be used to calculate the allocation factor (as the ratio between product-specific volume*time and storage capacity volume*time).",This allocation shall be based on the space (in m 3 ) and time (in weeks) occupied by the product stored.
1019,requirement,"For 52 weeks of storage, a default total storage capacity of 3 120 000 m 3 *weeks/year shall be assumed.","An average DC is assumed to store 60 000 m 3 of product, out of which 48 000 m 3 for ambient storage and 12 000 m 3 for chilled or frozen storage."
1024,requirement,"In some cases, the user of the PEF method needs a sampling procedure to limit the data collection to only a representative sample of plants, farms etc. The user of the PEF method shall (i) specify in the PEF report if sampling was applied, (ii) follow the requirements described in this section and (iii) indicate which approach was used.","An average retail place is assumed to store 2 000 m 3 of products (assuming that 50% of the 2 000 m 2 building area is covered by shelves that are 2 m high) over 52 weeks, i.e. 104 000 m 3 * weeks/year."
1025,optional,Examples of cases when the sampling procedure may be needed are those where multiple production sites are involved in producing the same product.,"In some cases, the user of the PEF method needs a sampling procedure to limit the data collection to only a representative sample of plants, farms etc. The user of the PEF method shall (i) specify in the PEF report if sampling was applied, (ii) follow the requirements described in this section and (iii) indicate which approach was used."
1027,requirement,"The representative sample shall be derived via a stratified sample, i.e. one that ensures that sub-populations (strata) of a given population are each adequately represented within the whole sample of a research study.",E.g. if the same raw material/input material comes from multiple sites or if the same process is outsourced to more than one subcontractor/supplier.
1031,requirement,define the population;,The following procedure shall be applied in order to select a representative sample as a stratified sample:
1032,requirement,define homogeneous sub-populations (stratification);,The following procedure shall be applied in order to select a representative sample as a stratified sample:
1033,requirement,define the sub-samples at the sub-population level;,The following procedure shall be applied in order to select a representative sample as a stratified sample:
1034,requirement,define the sample for the population starting from the definition of sub-samples at the sub-population level.,The following procedure shall be applied in order to select a representative sample as a stratified sample:
1039,requirement,The sub-populations should be mutually exclusive: every element in the population shall be assigned to only one sub-population.,Stratification is the process of dividing members of the population into homogeneous subgroups (sub-populations) before sampling.
1044,optional,Additional aspects to be taken into consideration may be added.,* production capacity of the companies/sites taken into consideration.
1045,requirement,The number of sub-populations shall be calculated as follows:,Additional aspects to be taken into consideration may be added.
1057,optional,Only one sub-population may be identified as coinciding with the population.,Nsp = g * t * c = 1 * 1 * 1 = 1
1069,requirement,"Once the sub-populations have been identified, the sample size of each shall be calculated (the sub-sample size).",It is possible to identify maximum 12 sub-populations that are summarised in Table 7:
1071,requirement,Based on the total production of the sub-population The user of the PEF method shall identify the percentage of production that each sub-population will cover.,Two alternative approaches are possible:
1072,requirement,"It shall not be lower than 50%, expressed in the relevant unit.",* Based on the total production of the sub-population The user of the PEF method shall identify the percentage of production that each sub-population will cover.
1076,requirement,n SS : required sub-sample size,The required sub-sample size shall be calculated using the square root of the sub-population size.
1077,requirement,n SP : sub-population size,The required sub-sample size shall be calculated using the square root of the sub-population size.
1078,requirement,The chosen approach shall be specified in the PEF report.,* n SP : sub-population size
1079,requirement,The same approach shall be used for all the sub-populations selected.,The chosen approach shall be specified in the PEF report.
1089,requirement,"If the number you are rounding is followed by 5, 6, 7, 8, or 9, round the number up.","If rounding is necessary, the general rule used in mathematics shall be applied:"
1090,requirement,"If the number you are rounding is followed by 0, 1, 2, 3, or 4, round the number down.","If rounding is necessary, the general rule used in mathematics shall be applied:"
1096,requirement,Product independent processes have no relationship with the way the product is designed or distributed.,A distinction shall be made between (i) product independent and (ii) product dependent processes.
1102,requirement,"All instructions provided by the producer and directed towards the consumer (through labels, websites or other media) shall be considered product dependent.",These processes depend on the product characteristics and therefore help differentiate two products.
1105,requirement,Product dependent processes shall be included in the system boundary of the PEF study.,An example of a direct dependent process is the energy used by electrical equipment under normal conditions.
1106,requirement,Product independent processes shall be excluded from the system boundary and qualitative information may be provided.,Product dependent processes shall be included in the system boundary of the PEF study.
1107,requirement,"For final products, the LCIA results shall be reported for (i) the total life cycle and (ii) the total life cycle excluding the use stage.",Product independent processes shall be excluded from the system boundary and qualitative information may be provided.
1111,optional,The modelling of the use stage may be done in different ways.,"For final products, the LCIA results shall be reported for (i) the total life cycle and (ii) the total life cycle excluding the use stage."
1115,optional,A toner cartridge is not ‘responsible’ for the paper it prints on.,"In some cases, the use of one product may influence the environmental impact of another, as described in the following examples."
1116,recommendation,"But if a remanufactured toner cartridge works less efficiently and causes more paper loss compared to an original cartridge, the additional paper loss should be considered.",* A toner cartridge is not ‘responsible’ for the paper it prints on.
1119,optional,"It only refers to the energy loss in each loading cycle, which may be caused by the loading system or the internal losses in the battery.",* The energy consumption during the use stage of the battery/charger system is not related to the amount of energy stored and released from the battery.
1120,recommendation,"In these cases, only the additional activities and processes should be allocated to the product (e.g. paper and energy for the remanufactured toner cartridge and battery respectively).","It only refers to the energy loss in each loading cycle, which may be caused by the loading system or the internal losses in the battery."
1124,requirement,This approach shall only be used to increase impacts and to account for additional consumption above the reference.,The consumption above this reference (the delta) will then be allocated to the product (referred to as ‘Delta approach’) ( ).
1126,requirement,regulations applicable to the product in scope;,"To set the reference situation, the following shall be considered, if available:"
1127,requirement,standards or harmonised standards;,"To set the reference situation, the following shall be considered, if available:"
1128,requirement,recommendations from manufacturers or manufacturers' organisations;,"To set the reference situation, the following shall be considered, if available:"
1129,requirement,use agreements established by consensus in sector-specific working groups.,"To set the reference situation, the following shall be considered, if available:"
1130,requirement,The user of the PEF method can decide which approach is taken and shall describe the one applied in the PEF report (main function approach or delta approach).,* use agreements established by consensus in sector-specific working groups.
1135,requirement,"If available, better data should be used, and shall be made transparent and justified in the PEF report.",Part D of Annex II provides default data to be used to model use stage activities.
1139,requirement,The recycled content and end of life shall be modelled using the circular footprint formula (CFF) at the life-cycle stage where the activity occurs.,"If available, better data should be used, and shall be made transparent and justified in the PEF report."
1140,requirement,The following sections describe the formula and parameters to be used and how they shall be applied to final and intermediate products (Section 4.4.8.12).,The recycled content and end of life shall be modelled using the circular footprint formula (CFF) at the life-cycle stage where the activity occurs.
1148,requirement,Users of the PEF method shall report all the parameters used.,Parameters of the CFF
1149,requirement,"Default values for some parameters (A, R 1 , R 2 , R 3 and Q s /Q p for packaging) are available in Part C of Annex II (see following sections for further details): users of the PEF method shall refer to the version of Part C of Annex II they are using ( ).",Users of the PEF method shall report all the parameters used.
1155,requirement,"In PEF studies the A factor values shall be in the range 0.2 ≤ A ≤ 0.8 , to always capture both aspects of recycling (recycled content and recyclability at EoL).","An A factor equal to 1 would reflect a 100:0 approach (i.e. credits are given only to the recycled content), while an A factor equal to 0 would reflect a 0:100 approach (i.e. credits are given only to the recyclable materials at the EoL)."
1163,requirement,check in Part C of Annex II the availability of an application-specific A value which fits the PEF study;,The following procedure shall be applied (in hierarchical order) to select the value of A to be used in a PEF study:
1164,requirement,"if an application-specific A value is not available, the material-specific A value in Part C of Annex II shall be used;",The following procedure shall be applied (in hierarchical order) to select the value of A to be used in a PEF study:
1165,requirement,"if a material-specific A value is not available, the user shall apply an A value of 0.5.",The following procedure shall be applied (in hierarchical order) to select the value of A to be used in a PEF study:
1172,requirement,"In PEF studies, the B value shall, by default, be equal to 0, unless another appropriate value is available in part C of Annex II.","Credits refer to the amount of heat and electricity sold, not to the total energy produced, taking into account relevant variations over a 12-month period, e.g. for heat."
1173,requirement,"To avoid double-counting between the current and the subsequent system in case of energy recovery, the subsequent system shall model its own energy use from energy recovery processes as primary energy (if the B value has been set at a value other than 0 in the upstream system, the user of the PEF method shall ensure that no double counting occurs).","In PEF studies, the B value shall, by default, be equal to 0, unless another appropriate value is available in part C of Annex II."
1179,recommendation,The point of substitution should be identified in correspondence to the process where input flows come from 100% primary sources and 100% secondary sources (level 1 in Figure 4).,The point of substitution is to the point in the value chain where secondary materials substitute for primary materials.
1181,optional,"Point of substitution at level 1 : this corresponds to e.g. the point where metal scrap, glass cullet and pulp are added to the process.","In some cases, the point of substitution may be identified after some mixing of primary and secondary material flows has occurred (level 2 in Figure 4)."
1182,optional,"Point of substitution at level 2 : this corresponds to e.g. the point where metal ingots, glass and paper are added to the process.","In some cases, the point of substitution may be identified after some mixing of primary and secondary material flows has occurred (level 2 in Figure 4)."
1183,optional,"The point of substitution at this level may be applied only if the datasets used to model, e.g. E rec and E v, take into account the real (average) flows regarding primary and secondary material.","* Point of substitution at level 2 : this corresponds to e.g. the point where metal ingots, glass and paper are added to the process."
1184,requirement,"For example, if E rec corresponds to the ‘production of 1 t of secondary material‘ (see Figure 4) and it has an average input of 10% from primary raw materials, the amount of primary materials, together with their environmental burdens, shall be included in the E rec dataset.","The point of substitution at this level may be applied only if the datasets used to model, e.g. E rec and E v, take into account the real (average) flows regarding primary and secondary material."
1188,optional,"In practice, in some situations more than one point of substitution may be identified at different steps in the value chain, as represented in Figure 5, where e.g. scrap of two different qualities is processed at different steps.",Figure 4 is a schematic representation of a generic situation (flows are 100% primary and 100% secondary).
1198,optional,"If Ev≠E*v , one quality ratio is needed: Qs in /Q p associated to the recycled content.","The quality factors are there to capture the downcycling of a material compared to the original primary material and, in some cases, may capture the effect of multiple recycling loops."
1200,requirement,"For example, plastic recycled to produce a bench modelled via substitution of cement shall also take into account the ‘how much’, ‘how long’ and ‘how well’.","In this case, E*v refers to the functional unit of the material substituted in a specific application."
1202,requirement,The quality ratios shall be determined at the point of substitution and per application or material.,"Therefore, the E*v parameter indirectly integrates the Qs out /Q p parameter, and therefore the Qs out and Qp parameters are not part of the CFF."
1204,requirement,Economic aspects: i.e. price ratio of secondary compared to primary materials at the point of substitution.,The quantification of the quality ratios shall be based on the following.
1206,requirement,"When economic aspects are less relevant than physical aspects, the latter may be used.","If the price of secondary materials is higher than that of primary ones, the quality ratios shall be set equal to 1."
1208,requirement,"The company conducting a PEF study may use different values, which shall be made transparent and justified in the PEF report.",Packaging materials used by industry are often the same within different sectors and product groups: Part C of Annex II provides one worksheet with Qs in /Q p and Qs out /Q p values applicable to packaging materials.
1212,requirement,"The R 1 values applied shall be company-specific or default secondary (application-specific), depending on the information available to the company conducting the PEF study.","The company conducting a PEF study may use different values, which shall be made transparent and justified in the PEF report."
1215,requirement,Company-specific values shall be used either when the process is run by the company conducting the PEF study or when the process is not run by the company conducting the PEF study but that company has access to (company-) specific information.,The following procedure shall be applied (in hierarchical order) to select the value of R 1 to be used in a PEF study.
1217,requirement,"In all other cases, the default secondary R 1 values of Part C of Annex II (application-specific) shall be applied.","(Situation 1 and Situation 2 of the Data Needs Matrix, see Section 4.6.5.4)."
1218,requirement,"When no application-specific value is available in Part C of Annex II, R 1 shall be set to 0% (material-specific values based on supply market statistics are not accepted as a proxy and therefore shall not be used).","(Situation 1 and Situation 2 of the Data Needs Matrix, see Section 4.6.5.4)."
1219,requirement,The applied R 1 values shall be subject to PEF study verification.,"* When no application-specific value is available in Part C of Annex II, R 1 shall be set to 0% (material-specific values based on supply market statistics are not accepted as a proxy and therefore shall not be used)."
1225,requirement,"the supplier information (through e.g., statement of conformity or delivery note) shall be maintained during all the production and delivery stages at the converter;",The following general guidelines shall be followed:
1226,requirement,"once the material is delivered to the converter for producing the end products, the converter shall handle information through their regular administrative procedures;",The following general guidelines shall be followed:
1227,requirement,the converter for producing the end products claiming recycled content shall demonstrate through its management system the percentage of recycled input material into the respective end product(s).,The following general guidelines shall be followed:
1228,requirement,The latter demonstration shall be transferred upon request to the person using the end product.,The following general guidelines shall be followed:
1230,requirement,Industry- or company-owned traceability systems may be applied as long as they cover the general guidelines outlined above.,"If a PEF profile is calculated and reported, this shall be stated as additional technical information of the PEF profile."
1231,requirement,"If not, they shall be supplemented with the general guidelines above.",* Industry- or company-owned traceability systems may be applied as long as they cover the general guidelines outlined above.
1237,requirement,For beverage cartons no recycled content is used so far.,"This document prescribes rules and guidance on necessary information and steps, with a delivery note that shall be received by the mill operator."
1239,requirement,For the plastics industry: EN standard 15343:2007.,"If needed, the same guidelines used for paper shall be used in this case as they are the most suitable (beverage cartons are covered by a recovered paper grade category under the European list of waste paper grades, EN643)."
1245,optional,"When dealing with pre-consumer scrap, two options may be applied.",The supplier of the recyclate is requested to provide specific information.
1246,requirement,Option 1 : the impacts to produce the input material that leads to the pre-consumer scrap in question shall be allocated to the product system that generated this scrap.,"When dealing with pre-consumer scrap, two options may be applied."
1260,requirement,"Often, values are available for point 8 ( ) in Figure 8, therefore such values shall be modified to match the actual output recycling rate (point 10) taking into account possible process losses.",The R 2 parameter refers to the ‘recycling output rate’: Figure 8 provides a visual representation.
1265,requirement,"Therefore, before selecting the appropriate R 2 value, an evaluation of the material’s recyclability shall be made and the PEF study shall include a statement on the recyclability of the materials/products.",A product’s design and composition will determine whether if its material is actually suitable for recycling.
1267,requirement,"The collection, sorting and delivery systems to transfer the materials from the source to the recycling facility are conveniently available to a reasonable proportion of the purchasers, potential purchasers and users of the product.","The statement on recyclability shall be provided together with an evaluation for recyclability that includes evidence for the following three criteria (as described by EN ISO 14021:2016, Section 7.7.4 ‘Evaluation methodology’)."
1268,requirement,Recycling facilities to accommodate the collected materials exist;,"The statement on recyclability shall be provided together with an evaluation for recyclability that includes evidence for the following three criteria (as described by EN ISO 14021:2016, Section 7.7.4 ‘Evaluation methodology’)."
1269,requirement,Evidence is available to show that the product for which recyclability is claimed is being collected and recycled.,"The statement on recyclability shall be provided together with an evaluation for recyclability that includes evidence for the following three criteria (as described by EN ISO 14021:2016, Section 7.7.4 ‘Evaluation methodology’)."
1270,recommendation,"For PET bottles, the European PET Bottle Platform (EPBP) guidelines should be used (https://www.epbp.org/design-guidelines), while for generic plastics, the recyclability by design should be used (www.recoup.org).",* Evidence is available to show that the product for which recyclability is claimed is being collected and recycled.
1271,requirement,"If one criterion is not fulfilled, or the sector-specific recyclability guidelines indicate limited recyclability, an R 2 value of 0% shall be applied.","For PET bottles, the European PET Bottle Platform (EPBP) guidelines should be used (https://www.epbp.org/design-guidelines), while for generic plastics, the recyclability by design should be used (www.recoup.org)."
1272,recommendation,"Point (1) and (3) may be proven by recycling statistics, which should be country- specific derived from industry associations or national bodies.","If one criterion is not fulfilled, or the sector-specific recyclability guidelines indicate limited recyclability, an R 2 value of 0% shall be applied."
1273,optional,"Approximation to evidence at point (3) may be provided by applying, for example, the design for evaluating recyclability outlined in EN 13430 Material recycling (Annexes A and B) or other sector-specific recyclability guidelines if available.","Point (1) and (3) may be proven by recycling statistics, which should be country- specific derived from industry associations or national bodies."
1276,requirement,"Company-specific values shall be used when available, after recyclability has been evaluated.",The following procedure shall be followed to select the R 2 value to be used in a PEF study:
1277,requirement,"If no company-specific values are available and the criteria used for evaluating recyclability are fulfilled (see above), application-specific R 2 values shall be used selecting the appropriate value available in Part C of Annex II:",The following procedure shall be followed to select the R 2 value to be used in a PEF study:
1278,requirement,"** if an R 2 value is not available for a specific country, then the European average shall be used;","* If no company-specific values are available and the criteria used for evaluating recyclability are fulfilled (see above), application-specific R 2 values shall be used selecting the appropriate value available in Part C of Annex II:"
1279,requirement,"** if an R 2 value is not available for a specific application, the R 2 values of the material shall be used (e.g. materials’ average);","** if an R 2 value is not available for a specific country, then the European average shall be used;"
1280,requirement,"** In case no R 2 values are available, R 2 shall be set equal to 0.","** if an R 2 value is not available for a specific application, the R 2 values of the material shall be used (e.g. materials’ average);"
1281,optional,Note that new R 2 values may be provided to the Commission to be implemented in Part C of Annex II.,"** In case no R 2 values are available, R 2 shall be set equal to 0."
1282,requirement,"Newly proposed R 2 values (based on new statistics) shall be provided together with a study report indicating the sources and calculations, and reviewed by an external independent third party.",Note that new R 2 values may be provided to the Commission to be implemented in Part C of Annex II.
1284,optional,"Once the new R 2 values are integrated into Part C of Annex II, they may be used by any PEF study.",The Commission will decide if the new values are acceptable and can be implemented in an updated version of Part C of Annex II.
1285,requirement,The applied R 2 values shall be subject to verification.,"Once the new R 2 values are integrated into Part C of Annex II, they may be used by any PEF study."
1290,requirement,"The R 3 values applied shall be company-specific or default values taken from Part C of Annex II, depending on the information available to the company conducting the PEF study.",The R 3 value is the proportion of the product’s material that is used for energy recovery at EoL.
1292,requirement,"Company-specific values shall be used when the process is run by the company conducting the PEF study or when the process is not run by the company conducting the PEF study but that company has access to (company-)specific information (Situation 1 and Situation 2 of the DNM, see Section 4.6.5.4).",The following procedure shall be applied (in hierarchical order) to select the R 3 value to be used in a PEF study.
1293,requirement,"In all other cases, the default secondary R 3 values of Part C of Annex II shall be applied.",The following procedure shall be applied (in hierarchical order) to select the R 3 value to be used in a PEF study.
1294,requirement,"When no value is available in Part C of Annex II, new values can be used for R 3 (using statistics or other data sources) or shall be set to 0%.",The following procedure shall be applied (in hierarchical order) to select the R 3 value to be used in a PEF study.
1295,requirement,The applied R 3 values shall be subject to verification.,"* When no value is available in Part C of Annex II, new values can be used for R 3 (using statistics or other data sources) or shall be set to 0%."
1300,requirement,The system boundary of E rec and E recEoL shall take into account all the emissions and resources consumed starting from collection up to the defined point of substitution.,"E rec and E recEoL are the specific emissions and resources consumed (per functional unit) arising from the recycling process of the recycled material and at EoL, respectively."
1301,requirement,If the point of substitution is identified at ‘level 2’ E rec and E recEoL shall be modelled using the real input flows.,The system boundary of E rec and E recEoL shall take into account all the emissions and resources consumed starting from collection up to the defined point of substitution.
1302,requirement,"Therefore, if a portion of the input flows are from primary raw materials, it shall be included in the datasets used to model E rec and E recEoL .",If the point of substitution is identified at ‘level 2’ E rec and E recEoL shall be modelled using the real input flows.
1303,optional,"In some cases, E rec may correspond to E recEoL , for example, in cases where close loops occur.","Therefore, if a portion of the input flows are from primary raw materials, it shall be included in the datasets used to model E rec and E recEoL ."
1308,requirement,"When default E* v equals E v , the user shall assume that a recyclable material at EoL is replacing the same virgin material which was used at the input side to produce the recyclable material.",E* v are the specific emissions and resources consumed (per functional unit) arising from the acquisition and pre-processing of virgin material assumed to be substituted by recyclable materials.
1309,requirement,"When E* v is different from E v. , the user shall provide evidence that recyclable material is substituting a different virgin material than the one producing the recyclable material.","When default E* v equals E v , the user shall assume that a recyclable material at EoL is replacing the same virgin material which was used at the input side to produce the recyclable material."
1312,requirement,Such an amount shall be calculated taking into account that the virgin material substituted and the recyclable material fulfil the same function in terms of ‘how long’ and ‘how well’.,"In such cases, E* v is not multiplied by Qs out /Q p , because this parameter is indirectly taken into account when calculating the ‘actual amount’ of virgin material substituted."
1313,requirement,E* v shall be determined based on evidence of actual substitution of the selected virgin material.,Such an amount shall be calculated taking into account that the virgin material substituted and the recyclable material fulfil the same function in terms of ‘how long’ and ‘how well’.
1317,requirement,"In cradle-to-gate PEF studies, the parameters related to the product’s EoL (i.e. recyclability at EoL, energy recovery, disposal) shall not be accounted for.",E* v shall be determined based on evidence of actual substitution of the selected virgin material.
1319,requirement,use Equation 3 (CFF);,"If the formula is applied in PEF studies for intermediate products (cradle-to-gate studies), the user of the PEF study shall:"
1320,requirement,"exclude the EoL by setting the parameters R 2 , R 3 , and E d equal to 0, for the products in scope;","If the formula is applied in PEF studies for intermediate products (cradle-to-gate studies), the user of the PEF study shall:"
1321,requirement,use and report the results with two A values for the product in scope:,"If the formula is applied in PEF studies for intermediate products (cradle-to-gate studies), the user of the PEF study shall:"
1325,requirement,** Setting A = the application- or material-specific default values: these results shall be reported as 'additional technical information' and used when creating EF compliant datasets.,The purpose of this setting is to enable the hotspot analysis to be focused on the actual system.
1332,requirement,Recovery of bottom ash or slag shall be included in the R 2 value (recycling output rate) of the original product/ material.,Recovery of bottom ash or slag from incineration
1335,requirement,"Whenever a process, such as landfilling with energy recovery or municipal solid waste incineration with energy recovery, leads to energy recovery, it shall be modelled under the ‘energy’ part in Equation 3 (CFF).",Landfilling and incineration with energy recovery
1338,requirement,Part C of Annex II contains default values per country that shall be used to quantify the share going to landfilling and the share going to incineration unless supply-chain specific values are available.,Municipal solid waste
1340,requirement,"Compost, including digestate coming out of the anaerobic digestion, shall be treated in the ‘material’ part (Equation 3) like recycling with A = 0.5.",Compost and anaerobic digestion/ sewage treatment
1341,requirement,The energy part of the anaerobic digestion shall be treated as a normal process of energy recovery under the ‘energy’ part of,"Compost, including digestate coming out of the anaerobic digestion, shall be treated in the ‘material’ part (Equation 3) like recycling with A = 0.5."
1344,requirement,"When waste material is used as a fuel (e.g. waste plastic used as fuel in cement kilns), it shall be treated as an energy recovery process under the ‘energy’ part of",Waste materials used as fuel
1347,optional,"When considering complex products (e.g. printed wiring boards) with complex EoL management, the default datasets for EoL treatment processes may already implement the CFF.",Modelling complex products
1348,requirement,The default values of the parameters shall refer to the ones in Part C of Annex II and shall be available as metadata information in the dataset.,"When considering complex products (e.g. printed wiring boards) with complex EoL management, the default datasets for EoL treatment processes may already implement the CFF."
1349,recommendation,The bill of material (BoM) should be taken as a starting point for calculations if no default data is available.,The default values of the parameters shall refer to the ones in Part C of Annex II and shall be available as metadata information in the dataset.
1351,requirement,"If the reuse/refurbishment of a product results in a product with different product specifications (providing another function), this shall be considered as part of the CFF, as a form of recycling.",Reuse and refurbishment
1352,requirement,Old parts that were changed during refurbishment shall be modelled under the CFF.,"If the reuse/refurbishment of a product results in a product with different product specifications (providing another function), this shall be considered as part of the CFF, as a form of recycling."
1358,optional,A product with the original product specifications (providing the same function).,Extending a product’s lifetime due to reuse or refurbishment may result in the following.
1359,requirement,"In this situation, the product lifetime is extended to a product with the original product specifications (providing the same function) and shall be included in the FU and reference flow.",* A product with the original product specifications (providing the same function).
1361,requirement,A product with different product specifications (providing another function).,"The user of the PEF method shall describe how reuse or refurbishment is included in calculating the reference flow and the full life-cycle model, taking into account the ‘how long’ of the FU."
1362,requirement,"This shall be considered as part of the CFF, as a form of recycling (see Section 4.4.8.13.",* A product with different product specifications (providing another function).
1364,requirement,"Also, old parts that have been changed during refurbishment shall be modelled under the CFF.",How to apply the formula to intermediate products (cradle-to-gate studies)).
1370,optional,This may be expressed as the absolute number of reuse or as % of reuse rate.,"This is also often called trip rates, reuse time or number of rotations."
1380,requirement,Raw material acquisition: the reuse rate determines the quantity of packaging material consumed per product sold.,"The following five steps explain how the user shall model the different life-cycle stages with reusable materials, using packaging as an example."
1381,requirement,The raw material consumption shall be calculated by dividing the actual weight of the packaging by the number of times this packaging is reused.,* Raw material acquisition: the reuse rate determines the quantity of packaging material consumed per product sold.
1386,requirement,"Transport from product factory to final client and back: in addition to the transport needed to go to the client, the return transport shall also be taken into account.",The transport impact shall be calculated by dividing the one-way trip impact by the number of times the packaging is reused.
1388,requirement,"At the product factory: once the empty packaging is returned to the product factory, energy and resource use shall be taken into consideration as regards cleaning, repairing or refilling (if applicable).","To model the total transport, see Section 4.4.3 on modelling transport."
1390,requirement,The amount of packaging treated at the EoL shall be calculated by dividing the actual weight of the packaging by the number of times it was reused.,* Packaging EoL: the reuse rate determines the quantity of packaging material (per product sold) to be treated at the EoL.
1397,optional,This may affect the material’s lifetime as well as the data source to be used.,* a third party e.g. the government or a pooler (third party operated pools).
1399,requirement,"For company-owned packaging pools, the reuse rate shall be calculated using supply chain specific data.","Therefore, it is important to separate these two return systems."
1400,optional,"Depending on the data available within the company, two different calculation approaches may be used (see option ‘a’ and option ‘b’ below).","For company-owned packaging pools, the reuse rate shall be calculated using supply chain specific data."
1408,requirement,"With data from the previous bottle pool when the previous and current bottle pool are comparable, meaning, the same product category, similar bottle characteristics (e.g. size), comparable return systems (e.g. collection methods, same consumer group and outlet channels), etc.",This calculation option shall be used:
1409,requirement,"With data from the current bottle pool when future estimations/extrapolations are available on (i) the bottle purchases, (ii) the volumes sold, and (iii) the bottle pool’s lifetime.",This calculation option shall be used:
1410,requirement,"The data shall be supply-chain-specific and shall be verified during the verification and validation process, including the reasoning for the method choice.","* With data from the current bottle pool when future estimations/extrapolations are available on (i) the bottle purchases, (ii) the volumes sold, and (iii) the bottle pool’s lifetime."
1411,requirement,"Option ‘b’: If no real data is tracked, the calculation shall be done partly based on assumptions.","The data shall be supply-chain-specific and shall be verified during the verification and validation process, including the reasoning for the method choice."
1412,requirement,This option is less accurate due to the assumptions made and therefore conservative/safe estimates shall be used.,"Option ‘b’: If no real data is tracked, the calculation shall be done partly based on assumptions."
1419,requirement,This calculation option shall be used when option ‘a’ is not applicable (e.g. the previous pool cannot be used as a reference).,This refers to the sum of losses at the consumer stage and the bottles scrapped at filling sites (%Los).
1420,requirement,"The data used shall be verified during the verification and validation process, including the reason for choosing between option ‘a’ and option ‘b’.",This calculation option shall be used when option ‘a’ is not applicable (e.g. the previous pool cannot be used as a reference).
1424,requirement,"PEF studies that have company owned reusable packaging pools in scope shall use company specific reuse rates, calculated following the rules outlined in Section 4.4.9.3.","The data used shall be verified during the verification and validation process, including the reason for choosing between option ‘a’ and option ‘b’."
1429,requirement,"glass bottles: 30 trips for beer and water, 5 trips for wine ( );","The following reuse rates shall be used in those PEF studies that have third party operated reusable packaging pools in scope, unless better quality data are available:"
1430,requirement,plastic crates for bottles: 30 trips ( );,"The following reuse rates shall be used in those PEF studies that have third party operated reusable packaging pools in scope, unless better quality data are available:"
1431,requirement,"plastic pallets: 50 trips (Nederlands Instituut voor Bouwbiologie en Ecologie, 2014) ( );","The following reuse rates shall be used in those PEF studies that have third party operated reusable packaging pools in scope, unless better quality data are available:"
1432,requirement,"wooden pallets: 25 trips (Nederlands Instituut voor Bouwbiologie en Ecologie, 2014) ( ).","The following reuse rates shall be used in those PEF studies that have third party operated reusable packaging pools in scope, unless better quality data are available:"
1433,optional,The user of the PEF method may use other values if they are justified and data sources are provided.,"* wooden pallets: 25 trips (Nederlands Instituut voor Bouwbiologie en Ecologie, 2014) ( )."
1434,requirement,The user of the PEF method shall indicate if company-owned or third party operated pools were in scope and which calculation method or default reuse rates were used.,The user of the PEF method may use other values if they are justified and data sources are provided.
1442,requirement,"Currently, credits associated with temporary and permanent carbon storage and/or delayed emissions shall not be considered in the calculation of the climate change indicator.",* carbon emissions from land use and land use change (contributing to the sub-category ‘Climate change – land use and land use change’).
1443,requirement,"This means that all emissions and removals shall be considered as emitted ‘now’, and there is no discounting of emissions over time (in line with EN ISO 14067:2018).","Currently, credits associated with temporary and permanent carbon storage and/or delayed emissions shall not be considered in the calculation of the climate change indicator."
1445,requirement,"The sub-categories ‘climate change – fossil’, ‘climate change – biogenic’ and ‘climate change - land use and land transformation’, shall be reported separately if they show a contribution of more than 5% ( ) each to the total score of climate change.",Developments will be considered in order to keep the method updated with scientific evidence and expert-based consensus.
1451,requirement,Fossil CO 2 uptake and corresponding emissions (e.g. due to carbonation) shall be modelled in a simplified way when calculating the PEF profile (meaning no emissions or uptakes shall be modelled).,"This impact category includes emissions from peat (used as a fuel) and calcination, and uptakes due to carbonation."
1452,optional,"When knowledge about the amount of fossil CO 2 uptake is required for additional environmental information, the CO 2 uptake may be modelled with the flow ‘carbon dioxide (fossil), resources from air’.",Fossil CO 2 uptake and corresponding emissions (e.g. due to carbonation) shall be modelled in a simplified way when calculating the PEF profile (meaning no emissions or uptakes shall be modelled).
1453,requirement,"The flows falling under this definition shall be modelled consistently with the elementary flows in the most updated EF reference package and use names that end with ‘(fossil)’, if available (e.g. ‘carbon dioxide (fossil)’ and ‘methane (fossil)’).","When knowledge about the amount of fossil CO 2 uptake is required for additional environmental information, the CO 2 uptake may be modelled with the flow ‘carbon dioxide (fossil), resources from air’."
1458,requirement,"Carbon exchanges from native forests ( ) shall be modelled under sub-category 3 (including connected soil emissions, derived products or residues).","This sub-category covers (i) carbon emissions to air (CO 2 , CO and CH 4 ) originating from the oxidation and/or reduction of aboveground biomass by means of its transformation or degradation (e.g. combustion, digestion, composting, landfilling), and (ii) CO 2 uptake from the atmosphere through photosynthesis during biomass growth, i.e. corresponding to the carbon content of products, biofuels or above-ground plant residues such as litter and dead wood."
1459,requirement,Modelling requirements: the flows falling under this definition shall be modelled consistently with the elementary flows in the most recent version of the EF package and use flow names that end with ‘(biogenic)’.,"Carbon exchanges from native forests ( ) shall be modelled under sub-category 3 (including connected soil emissions, derived products or residues)."
1460,requirement,Mass allocation shall be applied to model the biogenic carbon flows.,Modelling requirements: the flows falling under this definition shall be modelled consistently with the elementary flows in the most recent version of the EF package and use flow names that end with ‘(biogenic)’.
1461,recommendation,A simplified modelling approach should be used only if the flows which influence the results of climate change impact (namely biogenic methane emissions) are modelled.,Mass allocation shall be applied to model the biogenic carbon flows.
1462,optional,"This option may apply, for example, to food PEF studies as it avoids modelling human digestion while eventually arriving at a zero balance.",A simplified modelling approach should be used only if the flows which influence the results of climate change impact (namely biogenic methane emissions) are modelled.
1466,requirement,"if methane emissions are both fossil and biogenic, the release of biogenic methane shall be modelled first, followed by the remaining fossil methane.","In this case, the following rules apply:"
1467,requirement,"For intermediate products (cradle-to-gate), the biogenic carbon content at the factory gate (physical content) shall always be reported as ‘additional technical information’.","* if methane emissions are both fossil and biogenic, the release of biogenic methane shall be modelled first, followed by the remaining fossil methane."
1478,requirement,"The PEF method only considers direct land use change, while indirect land use change, due to the lack of an agreed methodology, shall not be taken into account in PEF studies.","Indirect land use change occurs when a certain change in land use, or in the use of the feedstock grown on a given piece of land, causes changes in land use outside the system boundary, i.e. in other land use types."
1479,optional,Indirect land use change may be included under additional environmental information.,"The PEF method only considers direct land use change, while indirect land use change, due to the lack of an agreed methodology, shall not be taken into account in PEF studies."
1480,requirement,Modelling requirements: the flows falling under this definition shall be modelled consistently with the elementary flows in the most recent version of the EF package and use the flow names that end with ‘(land use change)’.,Indirect land use change may be included under additional environmental information.
1481,requirement,Biogenic carbon uptakes and emissions shall be inventoried separately for each elementary flow.,Modelling requirements: the flows falling under this definition shall be modelled consistently with the elementary flows in the most recent version of the EF package and use the flow names that end with ‘(land use change)’.
1482,requirement,For land use change : all carbon emissions and removals shall be modelled following the modelling guidelines of PAS 2050:2011 (BSI 2011) and the supplementary document PAS2050-1:2012 (BSI 2012) for horticultural products.,Biogenic carbon uptakes and emissions shall be inventoried separately for each elementary flow.
1491,requirement,The GHG emissions and removals arising from direct land use change shall be assessed for any input to the life cycle of a product originating from that land and shall be included in the assessment of GHG emissions.,"Therefore, the assessment of emissions arising from indirect land use change is not included."
1492,requirement,"The emissions arising from the product shall be assessed on the basis of the default land use change values provided in PAS 2050:2011 Annex C, unless better data is available.",The GHG emissions and removals arising from direct land use change shall be assessed for any input to the life cycle of a product originating from that land and shall be included in the assessment of GHG emissions.
1493,requirement,"For countries and land use changes not included in this annex, the emissions arising from the product shall be assessed using the included GHG emissions and removals occurring as a result of direct land use change in accordance with the relevant sections of the IPCC (2006).","The emissions arising from the product shall be assessed on the basis of the default land use change values provided in PAS 2050:2011 Annex C, unless better data is available."
1494,requirement,"The assessment of the impact of land use change shall include all direct land use change occurring not more than 20 years, or a single harvest period, prior to undertaking the assessment (whichever is the longer).","For countries and land use changes not included in this annex, the emissions arising from the product shall be assessed using the included GHG emissions and removals occurring as a result of direct land use change in accordance with the relevant sections of the IPCC (2006)."
1496,requirement,"Where it can be demonstrated that the land use change occurred more than 20 years prior to the assessment being carried out, no emissions from land use change should be included in the assessment.",The total GHG emissions and removals arising from direct land use change over the period shall be included in the quantification of GHG emissions of products arising from this land on the basis of equal allocation to each year of the period ( ).
1497,requirement,"Where the timing of land use change cannot be demonstrated to be more than 20 years, or a single harvest period, prior to making the assessment (whichever is the longer), it shall be assumed that the land use change occurred on 1 January of either:",The total GHG emissions and removals arising from direct land use change over the period shall be included in the quantification of GHG emissions of products arising from this land on the basis of equal allocation to each year of the period ( ).
1501,requirement,"where the country of production is known and the previous land use is known, the GHG emissions and removals arising from land use change shall be those resulting from the change in land use from the previous land use to the current land use in that country (additional guidelines on the calculations can be found in PAS 2050-1:2012);","The following hierarchy shall apply when determining the GHG emissions and removals arising from land use change occurring not more than 20 years or a single harvest period, before performing the assessment (whichever is the longer):"
1502,requirement,"where the country of production is known, but the former land use is not known, the GHG emissions arising from land use change shall be the estimate of average emissions from the land use change for that crop in that country (additional guidelines on the calculations can be found in PAS 2050-1:2012);","The following hierarchy shall apply when determining the GHG emissions and removals arising from land use change occurring not more than 20 years or a single harvest period, before performing the assessment (whichever is the longer):"
1503,requirement,"where neither the country of production nor the former land use is known, the GHG emissions arising from land use change shall be the weighted average of the average land use change emissions of that commodity in the countries in which it is grown.","The following hierarchy shall apply when determining the GHG emissions and removals arising from land use change occurring not more than 20 years or a single harvest period, before performing the assessment (whichever is the longer):"
1506,optional,"Countries in which a crop is grown can be determined from import statistics, and a cut-off threshold of not less than 90% of the weight of imports may be applied.","Where records are not available, local knowledge of prior land use can be used."
1507,requirement,"Data sources, location and timing of land use change associated with inputs to products shall be reported.’","Countries in which a crop is grown can be determined from import statistics, and a cut-off threshold of not less than 90% of the weight of imports may be applied."
1508,requirement,Intermediate products (cradle-to-gate) derived from native forests shall always report as meta-data (in the ‘additional technical information’ section of the PEF report): (i) their carbon content (physical content and allocated content) and (ii) that corresponding carbon emissions shall be modelled with ‘(land use change)’ elementary flows.,"Data sources, location and timing of land use change associated with inputs to products shall be reported.’"
1509,requirement,For soil carbon stock : soil carbon emissions shall be included and modelled under this sub-category (e.g. from rice fields).,Intermediate products (cradle-to-gate) derived from native forests shall always report as meta-data (in the ‘additional technical information’ section of the PEF report): (i) their carbon content (physical content and allocated content) and (ii) that corresponding carbon emissions shall be modelled with ‘(land use change)’ elementary flows.
1510,requirement,"Soil carbon emissions derived from aboveground residues (except from native forests) shall be modelled under sub-category 2, such as the application of non-native forest residues or straw.",For soil carbon stock : soil carbon emissions shall be included and modelled under this sub-category (e.g. from rice fields).
1511,requirement,"Soil carbon uptake (accumulation) shall be excluded from the results, e.g. from grasslands or improved land management through tilling techniques or other management measures taken related to agricultural land.","Soil carbon emissions derived from aboveground residues (except from native forests) shall be modelled under sub-category 2, such as the application of non-native forest residues or straw."
1512,optional,Soil carbon storage may only be included in the PEF study as additional environmental information and if a proof is provided.,"Soil carbon uptake (accumulation) shall be excluded from the results, e.g. from grasslands or improved land management through tilling techniques or other management measures taken related to agricultural land."
1513,requirement,"If legislation has different modelling requirements for the sector, such as the EU Decision on greenhouse gas accounting from 2013 ( ), which indicates carbon stock accounting, it shall be modelled according to the relevant legislation and provided under additional environmental information.",Soil carbon storage may only be included in the PEF study as additional environmental information and if a proof is provided.
1521,requirement,"Offsets shall not be included in the impact assessment of a PEF study, but shall be reported separately as additional environmental information.","Examples are carbon offsetting by the clean development mechanism, carbon credits, and other system-external offsets."
1526,requirement,"In these situations, all inputs and emissions linked to the process shall be partitioned between the product of interest and the other co-products in a principled manner.","If a process or facility provides more than one function, i.e. it delivers several goods and/or services (‘co-products‘), it is ‘multifunctional’."
1527,requirement,Systems involving multi-functionality of processes shall be modelled in line with the following decision hierarchy.,"In these situations, all inputs and emissions linked to the process shall be partitioned between the product of interest and the other co-products in a principled manner."
1535,recommendation,"As per EN ISO 14044:2006, wherever possible, subdivision or system expansion should be used to avoid allocation.","Specific allocation requirements in other sections of this method always prevail over the ones available in this section (e.g. Sections 4.4.2 on electricity, 4.4.3 on transport, 4.4.10 on GHG emissions, or 4.5.1 on slaughterhouse activities)."
1538,requirement,It shall be investigated first whether it is possible to subdivide or expand the analysed process.,System expansion refers to expanding the system by including additional functions related to the co-products.
1539,requirement,"Where subdivision is possible, inventory data shall be collected only for those unit processes directly attributable ( ) to the goods/services of concern.",It shall be investigated first whether it is possible to subdivide or expand the analysed process.
1540,requirement,"Or, if the system may be expanded, the additional functions shall be included in the analysis, with results communicated for the expanded system as a whole rather than on an individual co-product level.","Where subdivision is possible, inventory data shall be collected only for those unit processes directly attributable ( ) to the goods/services of concern."
1544,recommendation,"Where it is not possible to apply subdivision or system expansion, allocation should be applied: the inputs and outputs of the system should be partitioned between its different products or functions in a way that reflects relevant underlying physical relationships between them (EN ISO 14044:2006).","Or, if the system may be expanded, the additional functions shall be included in the analysis, with results communicated for the expanded system as a whole rather than on an individual co-product level."
1546,optional,"Allocation based on a physical relationship may be modelled using direct substitution, if it is possible to identify a product that is directly substituted.","Allocation based on a relevant underlying physical relationship refers to partitioning the input and output flows of a multi-functional process or facility in line with a relevant, quantifiable physical relationship between the process inputs and co-product outputs (for example, a physical property of the inputs and outputs that is relevant to the function provided by the co-product of interest)."
1548,requirement,"there is a direct, empirically demonstrable substitution effect, AND","To demonstrate that the direct substitution effect is robust, the user of the PEF method shall prove that:"
1549,requirement,"it is possible to model the substituted product and to subtract the LCI in a directly representative manner: if both conditions are fulfilled, model the substitution effect.","To demonstrate that the direct substitution effect is robust, the user of the PEF method shall prove that:"
1550,requirement,"Or to allocate input/output based on some other relevant underlying physical relationship that relates the inputs and outputs to the function provided by the system, the user of the PEF method shall demonstrate that it is possible to define a relevant physical relationship by which to allocate the flows attributable to the provision of the defined function of the product system: if this condition is fulfilled, the user of the PEF method may allocate based on this physical relationship.","* it is possible to model the substituted product and to subtract the LCI in a directly representative manner: if both conditions are fulfilled, model the substitution effect."
1554,optional,Allocation based on some other relationship may be possible.,"Or to allocate input/output based on some other relevant underlying physical relationship that relates the inputs and outputs to the function provided by the system, the user of the PEF method shall demonstrate that it is possible to define a relevant physical relationship by which to allocate the flows attributable to the provision of the defined function of the product system: if this condition is fulfilled, the user of the PEF method may allocate based on this physical relationship."
1556,recommendation,The market price of the co-functions should refer to the specific conditions and stage of the process in which the co-products are produced.,"For example, economic allocation refers to allocating inputs and outputs associated with multi-functional processes to the co-product outputs in proportion to their relative market values."
1557,requirement,"In any case, to ensure the physical representativeness of the PEF results as far as possible a clear justification for having discarded 1) and 2) and for having selected a certain allocation rule in step 3) shall be provided.",The market price of the co-functions should refer to the specific conditions and stage of the process in which the co-products are produced.
1559,optional,Is it possible to identify an indirect substitution ( ) effect and can the substituted product be modelled and the inventory subtracted in a reasonably representative manner?,Allocation based on some other relationship may be approached in one of the following alternative ways.
1563,requirement,The circular footprint formula (see Section 4.4.8.1) provides the approach that shall be used to estimate the overall emissions that result from a certain process involving recycling and/or energy recovery.,"If yes, allocate products and functions based on the relationship identified."
1575,requirement,"At farm module, subdivision shall be used for processes that are directly allocated to certain outputs (e.g. energy use and emissions related to milking processes).",* allocation of upstream burdens (linked to live animals) at slaughterhouse level among outputs leaving the slaughterhouse.
1576,requirement,"If the processes cannot be subdivided due to the lack of separate data or because it is technically impossible, the upstream burden, e.g. feed production, shall be allocated to farm outputs using a biophysical allocation method.","At farm module, subdivision shall be used for processes that are directly allocated to certain outputs (e.g. energy use and emissions related to milking processes)."
1578,requirement,These default values shall be used in PEF studies unless company-specific data are collected.,Default values used for allocation are provided in the following sections for each type of animal.
1584,requirement,"The International Dairy Federation (IDF) (2015) allocation method between milk, cull cows and surplus calves shall be used.","In case secondary data are used for the farm module, no change of allocation factors is allowed."
1585,requirement,Dead animals and all products from dead animals shall be regarded as waste and the circular footprint formula shall be applied.,"The International Dairy Federation (IDF) (2015) allocation method between milk, cull cows and surplus calves shall be used."
1586,requirement,"In this case, however, the traceability of the products from dead animals shall be guaranteed to enable PEF studies to take this aspect into consideration.",Dead animals and all products from dead animals shall be regarded as waste and the circular footprint formula shall be applied.
1588,requirement,"Residual (default option): if manure does not have an economic value at the farm gate, it is regarded as residual without allocation of an upstream burden.",Manure exported to another farm shall be considered as one of the following.
1590,requirement,"Co-product : when exported manure has an economic value at the farm gate, an economic allocation of the upstream burden shall be used for manure by using the relative economic value of manure compared to milk and live animals at the farm gate.",The emissions related to manure management up to the farm gate are allocated to the other farm outputs where manure is produced.
1592,requirement,"Manure as waste : when manure is treated as waste (e.g. landfilled), the circular footprint formula shall be applied.","However, biophysical allocation based on IDF rules shall be applied to allocate the remaining emissions between milk and live animals."
1593,requirement,The allocation factor (AF) for milk shall be calculated using the following equation:,"* Manure as waste : when manure is treated as waste (e.g. landfilled), the circular footprint formula shall be applied."
1598,requirement,The FPCM (corrected to 4% fat and 3.3% protein) shall be calculated by using the following formula:,"Although based on US farms, the IDF considers that the approach is applicable to European farming systems."
1600,requirement,These values shall be used as default values used for allocating the upstream burdens to milk and live weight of animals for cattle when secondary datasets are used.,"In cases where a default value of 0.02 kg meat /kg milk for the ratio of live weight of animals and milk produced in Equation 9 is used, the equation yields default allocation factors of 12% to live weight of animals and 88% to milk (Table 10)."
1601,requirement,"If company-specific data are collected for the farming stage, the allocation factors shall be changed using the equations included in this section.",These values shall be used as default values used for allocating the upstream burdens to milk and live weight of animals for cattle when secondary datasets are used.
1605,requirement,A biophysical approach shall be used for allocating upstream burdens to the different co-products for sheep and goat.,"If company-specific data are collected for the farming stage, the allocation factors shall be changed using the equations included in this section."
1606,requirement,"The 2006 IPCC guidelines for national GHG inventories (IPCC, 2006) contain a model for calculating energy requirements that shall be used for sheep and, as a proxy, for goats.",A biophysical approach shall be used for allocating upstream burdens to the different co-products for sheep and goat.
1608,requirement,"Dead animals and all the products from dead animals shall be regarded as waste and the circular footprint formula (CFF, Section 4.4.8.1) shall be applied.",This model is applied in this document.
1609,requirement,"In this case, however, the tracing of products from dead animals shall be allowed so this aspect can be taken into consideration in PEF studies.","Dead animals and all the products from dead animals shall be regarded as waste and the circular footprint formula (CFF, Section 4.4.8.1) shall be applied."
1611,requirement,"If company-specific data are used for this life-cycle stage, the allocation factors shall be calculated with the company-specific data using the equations provided.",It is mandatory to use the default allocation factors included in this document whenever secondary datasets are used for the life-cycle stage of farming for sheep and goats.
1612,requirement,The allocation factors shall be calculated as follows ( ):,"If company-specific data are used for this life-cycle stage, the allocation factors shall be calculated with the company-specific data using the equations provided."
1613,requirement,"To calculate energy for wool (NE wool ), energy for milk (NE l ) and energy for meat (NE g ) with company specific data, the equations included in IPPC (2006), and reported below, shall be used.",The allocation factors shall be calculated as follows ( ):
1614,requirement,"In case secondary data are used instead, the default values for the allocation factors provided in this document shall be used.","To calculate energy for wool (NE wool ), energy for milk (NE l ) and energy for meat (NE g ) with company specific data, the equations included in IPPC (2006), and reported below, shall be used."
1621,recommendation,The time of weaning should be taken as the time at which they depend on milk for half their energy supply.,Note that lambs will be weaned over several weeks as they supplement a milk diet with pasture feed or supplied feed.
1623,requirement,"In case company-specific data are used for the farming stage, the allocation factors shall be recalculated.",The NE g equation used for sheep includes two empirical constants (‘a’ and ‘b’) that vary by animal species/category (Table 13).
1624,requirement,"In this case, the parameter ‘a’ and ‘b’ shall be calculated as weighted average if more than one animal category is present.","In case company-specific data are used for the farming stage, the allocation factors shall be recalculated."
1633,requirement,Allocation at farming stage between piglets and sows shall be made applying economic allocation.,"Goat weight : 57.05 kg, average of male and female goats for different regions in the world, data from Appendix 5, GHG emissions and fossil energy demand from small ruminant supply chains, FAO (2016b)."
1639,requirement,"At the slaughterhouse and rendering module stage, subdivision shall be used for those process flows that are directly attributable to certain outputs.",Slaughterhouse and rendering processes produce multiple outputs going to the food and feed chain or to other non-food or feed value chains (e.g. the leather industry or chemical or energy recovery chains).
1640,requirement,"If it is not possible to subdivide the processes, the remaining flows (e.g. excluding those already allocated to milk for milk producing systems or to wool for wool producing systems) shall be allocated to the slaughterhouse and rendering outputs using economic allocation.","At the slaughterhouse and rendering module stage, subdivision shall be used for those process flows that are directly attributable to certain outputs."
1642,requirement,These default values shall be used in PEF studies.,"Default allocation factors are provided in the following sections for cattle, pigs and small ruminants (sheep, goat)."
1647,requirement,"If allocation factors used for subdividing the impact of the carcass among the different cuts are preferred, they shall be defined and justified in the PEF study.",Table 17 .
1652,requirement,The upstream burdens to slaughterhouse and rendering outputs shall be allocated as follows:,"* disposal and use: incineration, co-incineration, landfill, feed, pet food, fertilisers, compost, used as biofuel for combustion, manufacture of derived products (e.g. leather), oleo-chemicals and chemicals."
1662,requirement,AR shall be used to calculate the environmental impact of a unit of product by using the equation below:,Changes to the allocation factors are not allowed.
1664,requirement,"EI w shall include upstream impacts, slaughterhouse impacts that are not directly attributable to any specific product and impact from the management of slaughterhouse waste (cat. 1 and 2 material and waste in Table 17 ).","EI i is the environmental impact per mass unit of product i, (i = a slaughterhouse output listed in Table 17 ), EI w is the environmental impact of the whole animal divided by live weight mass of the animal, and AR i is the allocation ratio for product i (calculated as economic value of i divided by mass fraction of i)."
1665,requirement,The default values for AR i as shown in Table 17 shall be used for the EF studies to represent the European average situation.,"EI w shall include upstream impacts, slaughterhouse impacts that are not directly attributable to any specific product and impact from the management of slaughterhouse waste (cat. 1 and 2 material and waste in Table 17 )."
1669,requirement,The default values in Table 18 shall be used in PEF studies dealing with allocation within the slaughterhouse for pigs.,The default values for AR i as shown in Table 17 shall be used for the EF studies to represent the European average situation.
1674,requirement,The default values in Table 19 shall be used in PEF studies that deal with allocation within the slaughterhouse for sheep and goats.,Changing allocation factors based on company-specific data is not allowed.
1676,requirement,The same allocation factors used for sheep shall also be used for goats.,Changes to allocation factors based on company-specific data are not allowed.
1684,requirement,The data shall include all known inputs and outputs for the processes.,"This section describes company-specific LCI data, which are directly measured or collected at a specific facility or set of facilities, and representative of one or more activities or processes in the system boundary."
1689,recommendation,"Whenever the sector of the product in scope is covered by EU ETS monitoring rules, the user of the PEF method should follow quantification requirements as set out in Regulation (EU) 2018/2066 for the processes and GHGs covered therein.","There are several ways to collect company-specific emission data, for example, they can be based on direct measurements or calculated using company-specific activity data and related emission factors (e.g. litre of fuel consumption and emission factors for combustion in a vehicle or boiler)."
1691,optional,"The data may need scaling, aggregation or other forms of mathematical treatment to bring them in line with the functional unit and reference flow of the process.","For carbon capture and storage, the requirements of this Annex prevail."
1698,requirement,All new datasets created when conducting a PEF study shall be EF compliant.,* procurement and sale department(s)/unit(s).
1699,requirement,All company-specific data shall be modelled in company-specific datasets.,All new datasets created when conducting a PEF study shall be EF compliant.
1701,requirement,The activity data of the BoM shall be specific to the product in scope and modelled with company-specific data.,The bill of material (BoM) ( ) has two parts: the list of materials/ingredients and the quantity used for each of them.
1702,requirement,"For companies producing more than one product, the activity data used (including the BoM) shall be specific to the product covered by the study.",The activity data of the BoM shall be specific to the product in scope and modelled with company-specific data.
1703,requirement,The modelling of the manufacturing processes shall be based on company-specific data (e.g. energy needed to assemble the materials/components of the product in scope).,"For companies producing more than one product, the activity data used (including the BoM) shall be specific to the product covered by the study."
1704,requirement,"For companies producing more than one product, the activity data used (including the BoM) shall be specific to the product covered by the study.",The modelling of the manufacturing processes shall be based on company-specific data (e.g. energy needed to assemble the materials/components of the product in scope).
1713,requirement,All secondary data shall be modelled in secondary datasets which shall fulfil the data hierarchy in Section 4.6.3 and the quality requirements specified in Section 4.6.5.,"* industry average life-cycle data from LCI databases, industry association reports, government statistics, etc."
1714,requirement,The sources of these data used shall be clearly documented and reported in the PEF report.,All secondary data shall be modelled in secondary datasets which shall fulfil the data hierarchy in Section 4.6.3 and the quality requirements specified in Section 4.6.5.
1718,requirement,"PEF studies shall use secondary datasets that are EF compliant, when available.",The sources of these data used shall be clearly documented and reported in the PEF report.
1719,requirement,"To develop secondary EF compliant datasets, the Guide for EF compliant datasets shall be followed ( ).","PEF studies shall use secondary datasets that are EF compliant, when available."
1721,requirement,"Use an EF compliant proxy (if available); the use of proxy datasets shall be reported in the limitations section of the PEF report,;data converted from previous EF compliance systems (e.g. EF2.0 to EF3.0) are considered proxies.","If an EF compliant secondary dataset does not exist or cannot be developed, the selection of the datasets to be used shall be done according to the following rules, provided in hierarchical order."
1722,requirement,Use an ILCD entry level (EL) compliant dataset as a proxy ( ).,"If an EF compliant secondary dataset does not exist or cannot be developed, the selection of the datasets to be used shall be done according to the following rules, provided in hierarchical order."
1724,optional,"If no EF compliant or ILCD-EL compliant dataset is available, then the process shall be excluded from the model.",A maximum of 10% of the single overall score may be derived from ILCD-EL compliant datasets.
1725,requirement,This shall be clearly stated in the ‘limitations’ section of the PEF report as a data gap and validated by the verifier.,"* If no EF compliant or ILCD-EL compliant dataset is available, then the process shall be excluded from the model."
1729,requirement,"Any cut-off shall be avoided, unless under the following rules.",This shall be clearly stated in the ‘limitations’ section of the PEF report as a data gap and validated by the verifier.
1730,optional,Processes and elementary flows may be excluded up to 3.0% (cumulatively) based on material and energy flows and the level of environmental significance (single overall score).,"Any cut-off shall be avoided, unless under the following rules."
1731,requirement,"The processes subject to a cut-off shall be made explicit and justified in the PEF report, in particular with reference to the environmental significance of the cut-off applied.",Processes and elementary flows may be excluded up to 3.0% (cumulatively) based on material and energy flows and the level of environmental significance (single overall score).
1734,optional,"The processes that (cumulatively) account for less than 3.0% of the material and energy flow, as well as the environmental impact for each impact category may be excluded from PEF study.",This rule is valid for both intermediate and final products.
1735,optional,A screening study is recommended to identify processes that may be cut off.,"The processes that (cumulatively) account for less than 3.0% of the material and energy flow, as well as the environmental impact for each impact category may be excluded from PEF study."
1739,requirement,This section describes how the data quality of EF compliant datasets shall be assessed.,A screening study is recommended to identify processes that may be cut off.
1748,requirement,"Four quality criteria : technological, geographical, time-related representativeness, and precision.",The Guide for EF compliant datasets explains how they shall be reported in the data set ( ).
1749,requirement,These criteria shall be subject to a scoring procedure.,"* Four quality criteria : technological, geographical, time-related representativeness, and precision."
1751,requirement,"Three quality aspects : documentation, nomenclature and review.",The Guide for EF compliant datasets explains how they shall be reported in the dataset ( ).
1753,requirement,The Guide for EF compliant datasets ( ) explains how the three quality aspects shall be performed and reported in the dataset(s).,These criteria are not included within the semi-quantitative assessment of the data quality.
1758,requirement,"Within the EF context, the data quality of each new EF compliant dataset and of the total PEF study shall be calculated and reported.","Each data quality criterion to be scored (TeR, GeR, TiR and P) is rated according to the five levels listed in Table 21."
1759,requirement,"The DQR calculation shall be based on four data quality criteria where TeR is the Technological-Representativeness, GeR is the Geographical-Representativeness, TiR is the Time-Representativeness, and P is Precision.","Within the EF context, the data quality of each new EF compliant dataset and of the total PEF study shall be calculated and reported."
1770,requirement,"When creating a company-specific dataset, the data quality of i) the company-specific activity data and ii) the company-specific direct elementary flows (i.e. emission data) shall be assessed separately.",* PEF study (procedure described in Section 4.6.5.8)
1774,requirement,A company-specific dataset is partially disaggregated: the DQR of the activity data and direct elementary flows shall be assessed.,Graphical representation of a company-specific dataset
1775,requirement,The DQR of the sub-processes shall be assessed through the Data Needs Matrix,A company-specific dataset is partially disaggregated: the DQR of the activity data and direct elementary flows shall be assessed.
1777,requirement,Select the most-relevant activity data and direct elementary flows: most-relevant activity data are those linked to sub-processes (i.e. secondary datasets) accounting for at least 80% of the total environmental impact of the company-specific dataset.,The DQR of the newly developed dataset shall be calculated as follows.
1782,requirement,"For each most-relevant elementary flow, the 4 DQR criteria – TeR -EF , TiR -EF , GeR -EF , P EF – shall be evaluated (e.g. the timing of the flow measured, for which technology the flow was measured and in which geographical area).",** Each most-relevant direct elementary flow consists of the amount and elementary flow naming (e.g. 40 g CO 2 ).
1783,requirement,"** For each most-relevant activity data, the 4 DQR criteria shall be evaluated (named TeR -AD, TiR -AD , GeR -AD , P AD ).","For each most-relevant elementary flow, the 4 DQR criteria – TeR -EF , TiR -EF , GeR -EF , P EF – shall be evaluated (e.g. the timing of the flow measured, for which technology the flow was measured and in which geographical area)."
1785,requirement,"Calculate as a percentage the environmental contribution of each most-relevant activity data (by linking to the appropriate sub-process) and direct elementary flow to the total sum of the environmental impact of all most-relevant activity data and direct elementary flows, (weighted, using all EF impact categories).","** Considering that both activity data and direct elementary flows shall be company-specific, the score of P cannot be higher than 3, while the score for TiR, TeR, and GeR cannot be higher than 2 (the DQR score shall be ≤1.5)."
1798,requirement,"The TeR, TiR and GeR criteria shall be re-evaluated based on Table 24.","This involves re-calculating the DQR of the EF compliant secondary dataset (calculated by the data provider), when it is used in the modelling of most-relevant processes (see Section 4.6.5.4), to allow the user of the PEF method to assess the context-specific DQR criteria (i.e. TeR , TiR and GeR of most-relevant processes)."
1800,requirement,The total DQR of the dataset shall be recalculated using Equation 19.,Modifying criteria is not allowed.
1804,requirement,The DNM shall be used to evaluate the data requirements of all processes required to model the product in scope (see Table 25 ).,The total DQR of the dataset shall be recalculated using Equation 19.
1805,requirement,"It indicates for which processes company-specific data or secondary data shall or may be used, depending on how much influence the company has over the process.",The DNM shall be used to evaluate the data requirements of all processes required to model the product in scope (see Table 25 ).
1811,requirement,"Determine how much influence (Situation 1, 2 or 3) the company has over each process in its supply chain.",The user of the PEF method shall do the following.
1817,optional,"Note that for any EF compliant secondary dataset, an ILCD-EL compliant dataset may be used.","* Calculate/re-evaluate the DQR values (for each criterion + total) for the datasets of most-relevant processes and the new ones created, as indicated in Sections 4.6.5.6 – 4.6.5.8."
1819,requirement,For these datasets the DQR shall not be recalculated.,This can contribute up to a maximum of 10% of the single overall score of the product in scope (see Section 4.6.3).
1823,requirement,"For all processes run by the company and where the company conducting the PEF study uses company-specific data, the DQR of the newly developed EF compliant dataset shall be evaluated as described in Section 4.6.5.2.",For these datasets the DQR shall not be recalculated.
1831,requirement,"For all processes not run by the company and where the company conducting the PEF study uses company-specific data, the DQR of the newly developed EF compliant dataset shall be evaluated as described in Section 4.6.5.2.",Situation 2/Option 1
1835,requirement,use company-specific activity data for transport;,The company conducting the PEF study shall:
1836,requirement,Substitute the sub-processes for the electricity mix and transport used in the disaggregated secondary EF compliant dataset with supply chain specific EF compliant datasets.,The company conducting the PEF study shall:
1837,optional,Company-specific R 1 values may be used.,* Substitute the sub-processes for the electricity mix and transport used in the disaggregated secondary EF compliant dataset with supply chain specific EF compliant datasets.
1838,requirement,The user of the PEF method shall recalculate the DQR criteria for the processes in Situation 2/Option 2.,Company-specific R 1 values may be used.
1839,requirement,It shall make the DQR context-specific by re-evaluating TeR and TiR using Table 24 .,The user of the PEF method shall recalculate the DQR criteria for the processes in Situation 2/Option 2.
1840,requirement,The GeR criterion shall be lowered by 30% and the P criterion shall keep the original value.,It shall make the DQR context-specific by re-evaluating TeR and TiR using Table 24 .
1844,requirement,"If a process takes place under Situation 3 (i.e. the company conducting the PEF study is not running the process and this company does not have access to company-specific data), the company conducting the PEF study shall use EF compliant secondary datasets.",The GeR criterion shall be lowered by 30% and the P criterion shall keep the original value.
1845,requirement,"In the case of a most-relevant process, following the procedure described in Section 7.3, the user of the PEF method shall make the DQR criteria context-specific by re-evaluating TeR, TiR and GeR using Table 24.","If a process takes place under Situation 3 (i.e. the company conducting the PEF study is not running the process and this company does not have access to company-specific data), the company conducting the PEF study shall use EF compliant secondary datasets."
1846,requirement,The parameter P shall keep the original value.,"In the case of a most-relevant process, following the procedure described in Section 7.3, the user of the PEF method shall make the DQR criteria context-specific by re-evaluating TeR, TiR and GeR using Table 24."
1847,requirement,"For the non-most-relevant processes, following the procedure described in Section 7.3, the company conducting the PEF study shall take the DQR values from the original dataset.",The parameter P shall keep the original value.
1851,requirement,"To calculate the DQR of the PEF study, the user of the PEF method shall calculate the TeR, TiR, GeR and P separately.","For the non-most-relevant processes, following the procedure described in Section 7.3, the company conducting the PEF study shall take the DQR values from the original dataset."
1852,requirement,"They shall be calculated as the weighted average of the DQR scores of all most-relevant processes, based on their relative environmental contribution to the single overall score, using Equation 20.","To calculate the DQR of the PEF study, the user of the PEF method shall calculate the TeR, TiR, GeR and P separately."
1856,requirement,"Once the LCI has been compiled, the EF impact assessment ( ) shall be carried out to calculate the environmental performance of the product, using all the EF impact categories and models.","They shall be calculated as the weighted average of the DQR scores of all most-relevant processes, based on their relative environmental contribution to the single overall score, using Equation 20."
1858,requirement,"Results of a PEF study shall be calculated and reported in the PEF report as characterised, normalised and weighted results for each EF impact category and as a single overall score based on the weighting factors provided in Section 6.5.2.2.","EF impact assessment includes four steps: classification, characterisation, normalisation and weighting."
1859,requirement,"Results shall be reported for (i) the total life cycle, and (ii) the total life cycle excluding the use stage.","Results of a PEF study shall be calculated and reported in the PEF report as characterised, normalised and weighted results for each EF impact category and as a single overall score based on the weighting factors provided in Section 6.5.2.2."
1869,optional,"In some cases, an input or output may contribute to more than one EF impact category (for example, chlorofluorocarbons (CFCs) contribute to both climate change and ozone depletion).","Similarly, those that result in emissions of ozone-depleting substances are assigned to the ozone depletion category."
1871,requirement,"For example, data for a composite NPK fertiliser shall be disaggregated and classified according to its N, P, and K fractions, because each constituent element will contribute to different EF impact categories.",It is important to express the data in terms of the constituent substances for which characterisation factors (see next section) are available.
1872,optional,"In practice, much of the LCI data may be drawn from existing public or commercial LCI databases, where classification has already been implemented.","For example, data for a composite NPK fertiliser shall be disaggregated and classified according to its N, P, and K fractions, because each constituent element will contribute to different EF impact categories."
1874,requirement,All inputs and outputs inventoried while the LCI is being compiled shall be assigned to the EF impact categories to which they contribute using the classification data made available by the European Commission JRC ( ).,"In such cases, it must be assured, e.g. by the provider, that the classification and linked EF impact assessment pathways correspond to the requirements of the PEF method."
1875,recommendation,"As part of the classification of the LCI, data should be expressed in terms of constituent substances for which characterisation factors are available, as far as possible.",All inputs and outputs inventoried while the LCI is being compiled shall be assigned to the EF impact categories to which they contribute using the classification data made available by the European Commission JRC ( ).
1885,requirement,"All classified inputs and outputs in each EF impact category shall be assigned characterisation factors representing the contribution per unit of input or output to the category, using the provided characterisation factors ( ).","This allows for the impact potential and expression to be aggregated in terms of a single equivalent substance (in this case, CO 2 equivalents) for each EF impact category."
1886,requirement,EF impact assessment results shall subsequently be calculated for each EF impact category by multiplying the amount of each input/output by its characterisation factor and summing the contributions of all inputs/outputs within each category to obtain a single measure expressed in the appropriate reference units.,"All classified inputs and outputs in each EF impact category shall be assigned characterisation factors representing the contribution per unit of input or output to the category, using the provided characterisation factors ( )."
1890,requirement,"Following the steps of classification and characterisation, the EF impact assessment shall be complemented with normalisation and weighting.",EF impact assessment results shall subsequently be calculated for each EF impact category by multiplying the amount of each input/output by its characterisation factor and summing the contributions of all inputs/outputs within each category to obtain a single measure expressed in the appropriate reference units.
1899,requirement,"In PEF studies, normalised results shall not be aggregated as this implicitly applies equal weighting.","Normalised environmental footprint results do not, however, indicate the severity or relevance of the respective impacts."
1900,requirement,Characterised results shall be reported alongside the normalised results.,"In PEF studies, normalised results shall not be aggregated as this implicitly applies equal weighting."
1906,optional,Weighted results of different impact categories may then be compared to assess their relative importance.,"In this step, normalised results are multiplied by a set of weighting factors (in %) which reflect the relative importance of the life-cycle impact categories considered."
1907,optional,"They may also be aggregated across life-cycle impact categories to obtain a single overall score, expressed in points.",Weighted results of different impact categories may then be compared to assess their relative importance.
1909,requirement,The weighting factors ( ) that shall be used in PEF studies are provided online ( ) ( ).,The process underpinning the development of EF weighting factors is reported in Sala et al. 2018.
1910,requirement,The results of the EF impact assessment prior to weighting (i.e. characterised and normalised) shall be reported alongside weighted results in the PEF report.,The weighting factors ( ) that shall be used in PEF studies are provided online ( ) ( ).
1920,optional,"Secondly, to derive robust conclusions and recommendations from the analysis, for example, in support of environmental improvements.","In this sense, life-cycle interpretation may inform iterative improvements of the PEF model until all goals and requirements are met."
1921,requirement,"To meet these objectives, the interpretation phase shall include the steps outlined in this section.","* Secondly, to derive robust conclusions and recommendations from the analysis, for example, in support of environmental improvements."
1927,recommendation,"Completeness checks , to assess the LCI data to ensure it is complete relative to the defined goals, scope, system boundary and quality criteria.",Tools that should be used to assess the PEF model’s robustness include the following.
1932,optional,Any issues flagged in this evaluation may be used to inform iterative improvements to the PEF study.,"* Consistency checks , to assess the extent to which assumptions, methods, and data quality considerations have been applied consistently throughout the PEF study."
1936,requirement,"Once the user of the PEF method ensures that the PEF model is robust and conforms to all aspects defined in the goal and scope definition phases, the main contributing elements to the PEF results shall be identified.",Any issues flagged in this evaluation may be used to inform iterative improvements to the PEF study.
1937,optional,This step may also be referred to as ‘hotspot’ analysis.,"Once the user of the PEF method ensures that the PEF model is robust and conforms to all aspects defined in the goal and scope definition phases, the main contributing elements to the PEF results shall be identified."
1939,requirement,impact categories,The user of the PEF method shall identify and list in the PEF report (together with the %) the most relevant:
1940,requirement,life-cycle stages,The user of the PEF method shall identify and list in the PEF report (together with the %) the most relevant:
1941,requirement,processes,The user of the PEF method shall identify and list in the PEF report (together with the %) the most relevant:
1942,requirement,elementary flows.,The user of the PEF method shall identify and list in the PEF report (together with the %) the most relevant:
1944,optional,"In particular, most-relevant impact categories and life-cycle stages may be mainly relevant in the context of communicating the results of a PEF study.","There is an important operational difference between most-relevant impact categories and life-cycle stages on one hand and most-relevant processes, and elementary flows on the other."
1945,recommendation,They might serve to highlight environmental areas where the organisation should focus their attention.,"In particular, most-relevant impact categories and life-cycle stages may be mainly relevant in the context of communicating the results of a PEF study."
1948,requirement,"The procedure that shall be followed to identify the most-relevant impact categories, life-cycle stages, processes and elementary flows is described in the following sections.","This is particularly relevant for internal studies, to look deeper into how to improve the product’s environmental performance."
1952,requirement,The identification of the most-relevant impact categories shall be based on the normalised and weighted results.,"The procedure that shall be followed to identify the most-relevant impact categories, life-cycle stages, processes and elementary flows is described in the following sections."
1953,requirement,The most-relevant impact categories shall be identified as all of those impact categories that together contribute to at least 80% of the single overall score.,The identification of the most-relevant impact categories shall be based on the normalised and weighted results.
1954,requirement,This shall start from the largest to the smallest contributions.,The most-relevant impact categories shall be identified as all of those impact categories that together contribute to at least 80% of the single overall score.
1955,requirement,At least three relevant impact categories shall be identified as most-relevant ones.,This shall start from the largest to the smallest contributions.
1956,requirement,The user of the PEF method may add more impact categories to the list of the most-relevant ones but none shall be deleted.,At least three relevant impact categories shall be identified as most-relevant ones.
1961,requirement,This shall start from the largest to the smallest contributions.,The most-relevant life-cycle stages are those that together contribute more than 80% to any of the most-relevant impact categories identified.
1962,requirement,The user of the PEF method may add more life-cycle stages to the list of the most-relevant ones but none shall be deleted.,This shall start from the largest to the smallest contributions.
1963,requirement,"At a minimum, the life-cycle stages described at Section 4.2 shall be considered.",The user of the PEF method may add more life-cycle stages to the list of the most-relevant ones but none shall be deleted.
1964,requirement,"If the use stage accounts for more than 50% of the total impact of a most-relevant impact category, the procedure shall be re-run, excluding the use stage.","At a minimum, the life-cycle stages described at Section 4.2 shall be considered."
1965,requirement,"In this case, the list of most-relevant life-cycle stages shall be those selected through the latter procedure plus the use stage.","If the use stage accounts for more than 50% of the total impact of a most-relevant impact category, the procedure shall be re-run, excluding the use stage."
1969,requirement,Each most-relevant impact category shall be further investigated by identifying the most-relevant processes used to model the product in scope.,"In this case, the list of most-relevant life-cycle stages shall be those selected through the latter procedure plus the use stage."
1971,requirement,"Identical processes ( ) taking place in different life-cycle stages (e.g. transportation, electricity use) shall be accounted for separately.",The most-relevant processes are those that together contribute more than 80% to any of the most-relevant impact categories identified.
1972,requirement,Identical processes taking place within the same life-cycle stage shall be accounted for together.,"Identical processes ( ) taking place in different life-cycle stages (e.g. transportation, electricity use) shall be accounted for separately."
1973,requirement,The list of most-relevant processes shall be reported in the PEF report together with the respective life-cycle stage (or multiple life-cycle stages if relevant) and the contribution in %.,Identical processes taking place within the same life-cycle stage shall be accounted for together.
1974,requirement,The identification of the most-relevant processes shall be carried out according to Table 26.,The list of most-relevant processes shall be reported in the PEF report together with the respective life-cycle stage (or multiple life-cycle stages if relevant) and the contribution in %.
1975,requirement,This analysis shall be reported separately for each most-relevant impact category.,The identification of the most-relevant processes shall be carried out according to Table 26.
1976,requirement,The user of the PEF method may add more processes to the list of the most-relevant ones but none shall be deleted.,This analysis shall be reported separately for each most-relevant impact category.
1981,requirement,This analysis shall be reported separately for each most- relevant impact category.,"The most-relevant elementary flows are defined as those elementary flows that together contribute at least 80% to the total impact of each most-relevant specific impact category for each most-relevant process, starting from those that contribute the most to those that contribute the least."
1982,optional,Elementary flows belonging to the background system of a most-relevant process may dominate the impact.,This analysis shall be reported separately for each most- relevant impact category.
1983,recommendation,"Therefore, if disaggregated datasets are available, the user of the PEF method should also identify the most-relevant direct elementary flows for each most-relevant process.",Elementary flows belonging to the background system of a most-relevant process may dominate the impact.
1985,requirement,The analysis shall be limited to the direct emissions of the level-1 disaggregated datasets ( ).,"Most-relevant direct elementary flows are defined as those direct elementary flows that together contribute at least 80% to the total impact of the direct elementary flows of the process, for each most-relevant impact category."
1986,requirement,"This means that the 80% cumulative contribution shall be calculated against the impact caused by the direct emissions only, and not against the total impact of the process.",The analysis shall be limited to the direct emissions of the level-1 disaggregated datasets ( ).
1987,requirement,The user of the PEF method may add more elementary flows to the list of those that are most-relevant but none shall be deleted.,"This means that the 80% cumulative contribution shall be calculated against the impact caused by the direct emissions only, and not against the total impact of the process."
1988,requirement,"The list of most-relevant elementary flows (or, if applicable, direct elementary flows) per most- relevant process shall be reported in the PEF report.",The user of the PEF method may add more elementary flows to the list of those that are most-relevant but none shall be deleted.
1995,requirement,"consider the absolute values (i.e. impacts of processes or flows to have a plus sign, namely a positive score);","In case of processes or flows with a negative impact score, the following procedure shall be applied:"
1996,requirement,the total impact score needs to be recalculated including the converted negative scores;,"In case of processes or flows with a negative impact score, the following procedure shall be applied:"
1997,requirement,the total impact score is set to 100%;,"In case of processes or flows with a negative impact score, the following procedure shall be applied:"
1998,requirement,the percentage impact contribution for any process or elementary flow is assessed according to this new total.,"In case of processes or flows with a negative impact score, the following procedure shall be applied:"
2016,requirement,Ranking shall start from the highest contributors.,The three life-cycle stages in red will be the ones identified as ‘most-relevant’ for climate change as they are contributing to more than 80%.
2017,requirement,This procedure shall be repeated for all the most-relevant EF impact categories that are selected.,Ranking shall start from the highest contributors.
2021,requirement,"According to the proposed procedure, the processes B, C, E and G shall be selected as the ‘most-relevant’.",This procedure shall be repeated for all the most-relevant EF impact categories that are selected.
2022,requirement,This procedure shall be repeated for all the most-relevant impact categories that are selected.,"According to the proposed procedure, the processes B, C, E and G shall be selected as the ‘most-relevant’."
2036,recommendation,"Potential improvements should be identified, for example, using cleaner technology or production techniques, changes in product design, applying environmental management systems (e.g. eco-management and audit scheme (EMAS) or EN ISO 14001:2015), or other systematic approaches.",The PEF complements other assessments and instruments such as site-specific environmental impact assessments or chemical risk assessments.
2037,requirement,"Conclusions, recommendations and limitations shall be described in line with the defined goals and scope of the PEF study.","Potential improvements should be identified, for example, using cleaner technology or production techniques, changes in product design, applying environmental management systems (e.g. eco-management and audit scheme (EMAS) or EN ISO 14001:2015), or other systematic approaches."
2038,recommendation,The conclusions should include a summary of identified supply chain ‘hotspots’ and the potential improvements associated with management interventions.,"Conclusions, recommendations and limitations shall be described in line with the defined goals and scope of the PEF study."
2050,optional,"At a minimum, a PEF report consists of: a summary, the main report, the aggregated EF compliant dataset and an annex. Confidential and proprietary information may be documented in a fourth item - a complementary confidential report.",This template includes the minimum information to be reported in a PEF report.
2055,requirement,The summary shall be able to stand alone without compromising the results and conclusions/recommendations (if included).,Review reports are annexed.
2056,requirement,"The summary shall fulfil the same criteria about transparency, consistency, etc. as the detailed report.",The summary shall be able to stand alone without compromising the results and conclusions/recommendations (if included).
2057,recommendation,"To the extent possible, the summary should be written targeting a non-technical audience.","The summary shall fulfil the same criteria about transparency, consistency, etc. as the detailed report."
2061,requirement,"For each product in scope of the PEF study, the user shall make an aggregated EF compliant dataset available.","To the extent possible, the summary should be written targeting a non-technical audience."
2062,requirement,"If the user of the PEF method or of the PEFCR publishes such an EF compliant dataset, the PEF report on the basis of which the dataset is generated shall also be made public.","For each product in scope of the PEF study, the user shall make an aggregated EF compliant dataset available."
2067,requirement,general information,"The main report ( ) shall, as a minimum, include the following components:"
2068,requirement,goal of the study,"The main report ( ) shall, as a minimum, include the following components:"
2069,requirement,scope of the study,"The main report ( ) shall, as a minimum, include the following components:"
2070,requirement,life-cycle inventory analysis,"The main report ( ) shall, as a minimum, include the following components:"
2071,requirement,life-cycle impact assessment results,"The main report ( ) shall, as a minimum, include the following components:"
2072,requirement,interpretion of PEF results.,"The main report ( ) shall, as a minimum, include the following components:"
2085,requirement,"If used, it shall contain all data (including raw data) and information that are confidential or proprietary and may not be made externally available.",The confidential report is optional.
2086,requirement,The confidential report shall be made available for the verification and validation procedure of the PEF study (see Section 8.4.3),"If used, it shall contain all data (including raw data) and information that are confidential or proprietary and may not be made externally available."
2090,requirement,"If policies on implementing the PEF method define specific requirements as regards verification and validation of PEF studies, reports and communication vehicles, then these requirements shall prevail.",The confidential report shall be made available for the verification and validation procedure of the PEF study (see Section 8.4.3)
2098,requirement,"the PEF study (including, but not limited to the data collected, calculated, and estimated and the underlying model);",The verification and validation shall cover the following three areas:
2099,requirement,the PEF report;,The verification and validation shall cover the following three areas:
2100,requirement,"the technical content of the communication vehicles, if applicable.",The verification and validation shall cover the following three areas:
2101,requirement,The verification of the PEF study shall ensure that the PEF study is conducted in compliance with Annex I or the applicable PEFCR.,"* the technical content of the communication vehicles, if applicable."
2103,requirement,"the data and information used for the PEF study are consistent, reliable and traceable;",The validation of information in the PEF study shall ensure that:
2104,requirement,the calculations performed do not include significant ( ) mistakes.,The validation of information in the PEF study shall ensure that:
2106,requirement,"the PEF report is complete, consistent, and compliant with the PEF report template provided in Part E of Annex II;",The verification and validation of the PEF report shall ensure that:
2107,requirement,"the information and data included are consistent, reliable and traceable;",The verification and validation of the PEF report shall ensure that:
2108,requirement,the mandatory information and sections are included and appropriately filled in;,The verification and validation of the PEF report shall ensure that:
2109,requirement,"all the technical information that could be used for communication purposes, independently from the communication vehicle to be used, are included in the report.",The verification and validation of the PEF report shall ensure that:
2110,requirement,"Note: confidential information shall be validated, while it may be excluded from the PEF report.","* all the technical information that could be used for communication purposes, independently from the communication vehicle to be used, are included in the report."
2112,requirement,the technical information and data included are reliable and consistent with the information included in the PEF study and the PEF report;,The validation of the technical content of the communication vehicle content shall ensure that:
2113,requirement,that the information is compliant with the requirements of the Unfair Commercial Practices Directive ( );,The validation of the technical content of the communication vehicle content shall ensure that:
2114,requirement,"that the communication vehicle complies with the principles of transparency, availability and accessibility, reliability, completeness, comparability and clarity, as described in the Commission Communication on Building the Single Market for Green Products ( ).",The validation of the technical content of the communication vehicle content shall ensure that:
2119,requirement,The commissioner shall select the verifier(s) or verification team following the rules outlined in Section 9.3.1.,The verification procedure covers the following steps.
2120,requirement,The verification shall take place following the verification process described in Section 9.4.,The verification procedure covers the following steps.
2121,requirement,"The verifier(s) shall communicate to the commissioner any misstatement, non-conformities and need for clarifications (Section 9.3.2), and draft the validation statement (Section 8.5.2)",The verification procedure covers the following steps.
2122,requirement,"The commissioner shall respond to the verifier's comments and introduce necessary corrections and changes (if needed) to ensure the final compliance of the PEF study, PEF report and technical content of PEF communication vehicles.",The verification procedure covers the following steps.
2124,requirement,"The final validation statement is provided, considering (if needed) the corrections and changes introduced by the commissioner.","If, in the verifier's judgement, the commissioner does not respond appropriately within a reasonable time period, the verifier shall issue a modified validation statement."
2125,requirement,Surveillance that the PEF report is available during the validity of the validation statement (as defined in Section 8.5.3),"If, in the verifier's judgement, the commissioner does not respond appropriately within a reasonable time period, the verifier shall issue a modified validation statement."
2126,requirement,"If a matter comes to the verifier's attention that causes the verifier to believe in the existence of fraud or noncompliance with laws or regulations, the verifier shall communicate this immediately to the commissioner of the study.",* Surveillance that the PEF report is available during the validity of the validation statement (as defined in Section 8.5.3)
2131,optional,The verification/validation may be conducted by a single verifier or by a verification team.,This section is without prejudice to specific provisions of EU legislation.
2132,requirement,The independent verifier(s) shall be external to the organisation that conducted the PEF study.,The verification/validation may be conducted by a single verifier or by a verification team.
2133,requirement,"In all cases the independence of the verifiers shall be guaranteed, i.e. they shall fulfil the intentions in the requirements of EN ISO/IEC 17020:2012 regarding a third party verifier, they shall not have conflicts of interests on concerned products.",The independent verifier(s) shall be external to the organisation that conducted the PEF study.
2134,requirement,The minimum requirements and score for the verifier(s) as specified below shall be fulfilled.,"In all cases the independence of the verifiers shall be guaranteed, i.e. they shall fulfil the intentions in the requirements of EN ISO/IEC 17020:2012 regarding a third party verifier, they shall not have conflicts of interests on concerned products."
2135,requirement,"If the verification/ validation is conducted by a single verifier, they shall satisfy all the minimum requirements and the minimum score (see Section 9.3.1); if the verification/validation is conducted by a team, the team as a whole shall satisfy all the minimum requirements and the minimum score.",The minimum requirements and score for the verifier(s) as specified below shall be fulfilled.
2136,requirement,The documents proving the qualifications of the verifier(s) shall be provided as an annex to the verification report or they shall be made available electronically.,"If the verification/ validation is conducted by a single verifier, they shall satisfy all the minimum requirements and the minimum score (see Section 9.3.1); if the verification/validation is conducted by a team, the team as a whole shall satisfy all the minimum requirements and the minimum score."
2137,requirement,"In case a verification team is established, one of the members of the verification team shall be appointed as lead verifier.",The documents proving the qualifications of the verifier(s) shall be provided as an annex to the verification report or they shall be made available electronically.
2145,requirement,"Verifier(s) shall provide a self-declaration of their qualifications (e.g. university diploma, working experience, certifications), stating how many points they achieved for each criterion and the total points achieved.","Unless otherwise specified in the context of the intended application, the verifier’s self-declaration on the scoring system constitutes the minimum requirement."
2146,requirement,This self-declaration shall form part of the PEF verification report.,"Verifier(s) shall provide a self-declaration of their qualifications (e.g. university diploma, working experience, certifications), stating how many points they achieved for each criterion and the total points achieved."
2147,requirement,A verification of a PEF study shall be conducted as per the requirements of the intended application.,This self-declaration shall form part of the PEF verification report.
2154,requirement,"distribute the tasks to be fulfilled between the team members according to the specific competencies (skills /abilities) of the team members, to get the full coverage of the tasks to be done and to use in the best manner the specific competencies of the team members;",The lead verifier shall:
2155,requirement,coordinate the whole verification/validation process and ensure that all team members have a common understanding of the tasks they need to fulfil;,The lead verifier shall:
2156,requirement,assemble all comments and ensure they are communicated to the commissioner of the PEF study in a clear and understandable way;,The lead verifier shall:
2157,requirement,resolve any conflicting statements between team members;,The lead verifier shall:
2158,requirement,ensure that the verification report and validation statement are generated and are signed by each member of the verification team.,The lead verifier shall:
2162,requirement,"The verifier(s) shall present all the outcomes related to the verification of the PEF study and the validation of the PEF study, PEF report and PEF communication vehicles and give the commissioner of the PEF study the opportunity to improve the work, if necessary.",* ensure that the verification report and validation statement are generated and are signed by each member of the verification team.
2163,optional,"Depending on the nature of the outcomes, additional iterations of comments and responses may be necessary.","The verifier(s) shall present all the outcomes related to the verification of the PEF study and the validation of the PEF study, PEF report and PEF communication vehicles and give the commissioner of the PEF study the opportunity to improve the work, if necessary."
2164,requirement,Any changes made in response to the verification or validation outcomes shall be documented and explained in the verification or validation report.,"Depending on the nature of the outcomes, additional iterations of comments and responses may be necessary."
2165,optional,Such a summary may take the form of a table in the respective documents.,Any changes made in response to the verification or validation outcomes shall be documented and explained in the verification or validation report.
2166,requirement,"The summary shall include the comment(s) from the verifier(s), the commissioner’s answer and the motivation for the changes.",Such a summary may take the form of a table in the respective documents.
2167,requirement,"Verification may take place after the PEF study has been concluded or in parallel (concurrent) to the study, while validation shall always take place after the study has been concluded.","The summary shall include the comment(s) from the verifier(s), the commissioner’s answer and the motivation for the changes."
2169,requirement,"The document review includes the PEF report, the technical content of related communication vehicles available at the time of validation, and the data used in the calculations through requested underlying documents.",The verification/validation shall combine document review and model validation.
2170,optional,"Verifier(s) may organise the document review either as an ‘at desk’ or ‘on-site’ exercise, or as a mix of the two.","* The document review includes the PEF report, the technical content of related communication vehicles available at the time of validation, and the data used in the calculations through requested underlying documents."
2172,requirement,The validation of the model may take place at the production site of the commissioner of the study or be organised remotely.,The validation of the company-specific data shall always be organised through a visit to the production site(s) the data refer to.
2173,requirement,"The verifier(s) shall access the model to verify its structure, the data used, and its consistency with the PEF report and PEF study.",* The validation of the model may take place at the production site of the commissioner of the study or be organised remotely.
2175,requirement,The validation of the PEF report shall be carried out by checking enough information to provide reasonable assurance that the content is in line with the modelling and results of the PEF study.,The commissioner of the PEF study and the verifier(s) shall agree on how the verifier(s) accesses the model.
2177,requirement,"coverage, precision, completeness, representativeness, consistency, reproducibility, sources and uncertainty;",The verifier(s) shall ensure that data validation includes:
2178,requirement,"plausibility, quality and accuracy of the LCA-based data;",The verifier(s) shall ensure that data validation includes:
2179,requirement,quality and accuracy of additional environmental and technical information;,The verifier(s) shall ensure that data validation includes:
2180,requirement,quality and accuracy of the supporting information.,The verifier(s) shall ensure that data validation includes:
2181,requirement,The verification and validation of the PEF study shall be carried out by following the minimum requirements listed in Section 8.4.1,* quality and accuracy of the supporting information.
2185,requirement,The verifier(s) shall validate the accuracy and reliability of the quantitative information used in the calculation of the study.,The verification and validation of the PEF study shall be carried out by following the minimum requirements listed in Section 8.4.1
2187,requirement,The verifier(s) shall check if the correct version of all impact assessment methods was used.,"As this may be highly resource intensive, the following requirements shall be fulfilled."
2188,requirement,"For each of the most-relevant EF impact categories (ICs), at least 50% of the characterisation factors shall be verified, while all normalisation and weighting factors of all ICs shall be verified.",* The verifier(s) shall check if the correct version of all impact assessment methods was used.
2189,requirement,"In particular, the verifier(s) shall check that the characterisation factors correspond to those included in the EF impact assessment method the study declares compliance with ( ).","For each of the most-relevant EF impact categories (ICs), at least 50% of the characterisation factors shall be verified, while all normalisation and weighting factors of all ICs shall be verified."
2190,optional,"This may also be done indirectly, for example:","In particular, the verifier(s) shall check that the characterisation factors correspond to those included in the EF impact assessment method the study declares compliance with ( )."
2192,optional,"If Look@LCI results are within a deviation of 1% from the results in the LCA software, the verifier(s) may assume that the implementation of the characterisation factors in the software used to do the PEF study was correct.",** Export the EF-compliant datasets from the LCA software used to do the PEF study and run them in Look@LCI ( ) to obtain LCIA results.
2195,optional,The verifier(s) shall check that the cut-off applied (if any) fulfils the requirements at Section 4.6.4.,"If the compared results are within a deviation of 1%, the verifier(s) may assume that the implementation of the characterisation factors in the software used to do the PEF study was correct."
2196,optional,The verifier(s) shall check that all datasets used fulfil the data requirements (Section 4.6.3 and 4.6.5.).,"If the compared results are within a deviation of 1%, the verifier(s) may assume that the implementation of the characterisation factors in the software used to do the PEF study was correct."
2197,optional,"For at least 80% (in number) of the most-relevant processes (as defined in Section 6.3.3), the verifier(s) shall validate all related activity data and the datasets used to model these processes.","If the compared results are within a deviation of 1%, the verifier(s) may assume that the implementation of the characterisation factors in the software used to do the PEF study was correct."
2198,requirement,"If relevant, CFF parameters and datasets used to model them shall also be validated in the same way.","* For at least 80% (in number) of the most-relevant processes (as defined in Section 6.3.3), the verifier(s) shall validate all related activity data and the datasets used to model these processes."
2200,requirement,For at least 30% (in number) of all other processes (corresponding to 20% of the processes as defined in Section 6.3.3) the verifier(s) shall validate all related activity data and the datasets used to model these processes.,The verifier(s) shall check that the most-relevant processes are identified as specified in Section 6.3.3.
2202,requirement,The verifier(s) shall check that the datasets are correctly implemented in the software (i.e. LCIA results of the dataset in the software are within a deviation of 1% to the ones in the metadata).,"If relevant, CFF parameters and datasets used to model them shall also be validated in the same way."
2203,requirement,At least 50% (in number) of the datasets used to model most-relevant processes and 10% of those used to model other processes shall be checked.,* The verifier(s) shall check that the datasets are correctly implemented in the software (i.e. LCIA results of the dataset in the software are within a deviation of 1% to the ones in the metadata).
2204,requirement,The verifier(s) shall check if the aggregated EF compliant dataset representing the product in scope is made available to the European Commission ( ).,At least 50% (in number) of the datasets used to model most-relevant processes and 10% of those used to model other processes shall be checked.
2205,optional,The commissioner of the PEF study may decide to make the dataset public.,The verifier(s) shall check if the aggregated EF compliant dataset representing the product in scope is made available to the European Commission ( ).
2210,requirement,"The verifier(s) shall assess and confirm whether the calculation methodologies applied are of acceptable accuracy, reliable, are appropriate and performed in line with the PEF method.",Additional environmental and technical information fulfils the requirements at Section 3.2.4.1.
2211,requirement,The verifier(s) shall confirm the correct application of conversion of measurement units.,"The verifier(s) shall assess and confirm whether the calculation methodologies applied are of acceptable accuracy, reliable, are appropriate and performed in line with the PEF method."
2212,requirement,The verifier(s) shall check if applied sampling procedures are in line with the sampling procedure defined in the PEF method as set out in Section 4.4.6.,The verifier(s) shall confirm the correct application of conversion of measurement units.
2213,requirement,The data reported shall be checked against the source documentation in order to check their consistency.,The verifier(s) shall check if applied sampling procedures are in line with the sampling procedure defined in the PEF method as set out in Section 4.4.6.
2214,requirement,The verifier(s) shall evaluate whether the methods for making estimates are appropriate and have been applied consistently.,The data reported shall be checked against the source documentation in order to check their consistency.
2215,optional,"The verifier(s) may assess alternatives to estimations or choices made, to determine whether a conservative choice has been selected.",The verifier(s) shall evaluate whether the methods for making estimates are appropriate and have been applied consistently.
2216,optional,The verifier(s) may identify uncertainties that are greater than expected and assess the effect of the identified uncertainty on the final PEF results.,"The verifier(s) may assess alternatives to estimations or choices made, to determine whether a conservative choice has been selected."
2220,requirement,Data for validation shall be presented in a systematic and comprehensive way.,The verifier(s) may identify uncertainties that are greater than expected and assess the effect of the identified uncertainty on the final PEF results.
2221,requirement,"All the project documentation supporting the validation of a PEF study shall be provided to the verifier(s), including the EF model, confidential information, data, and the PEF report.",Data for validation shall be presented in a systematic and comprehensive way.
2222,requirement,The verifier(s) shall treat all information and data undergoing verification/validation as confidential and shall use them only during the verification/validation process.,"All the project documentation supporting the validation of a PEF study shall be provided to the verifier(s), including the EF model, confidential information, data, and the PEF report."
2224,optional,only input information is excluded and all output information is included;,"The commissioner of the PEF study may exclude confidential data and information from the PEF report, provided that:"
2225,optional,the commissioner provides the verifier(s) with sufficient information of the nature of the data and information excluded as well as the reasoning for excluding them;,"The commissioner of the PEF study may exclude confidential data and information from the PEF report, provided that:"
2226,optional,"the verifier(s) accept(s) the non-disclosure and includes in the verification and validation report the reasons for doing so; if the verifier(s) do(es) not accept the non-disclosure and the commissioner does not take corrective action, the verifier(s) shall include in the verification and validation report that the non-disclosure is not justified;","The commissioner of the PEF study may exclude confidential data and information from the PEF report, provided that:"
2227,optional,the commissioner keeps a file of the non-disclosed information for possible future re-evaluation of the decision for non-disclosure.,"The commissioner of the PEF study may exclude confidential data and information from the PEF report, provided that:"
2229,requirement,"Therefore, business data identified as confidential and provided during the validation process shall be kept confidential.","Business data could be of confidential nature because of competition aspects, intellectual property rights or similar legal restrictions."
2230,requirement,"Hence, verifier(s) shall not disseminate or otherwise retain for use, without the organisation’s permission, any information disclosed to them during the course of the verification/validation process.","Therefore, business data identified as confidential and provided during the validation process shall be kept confidential."
2231,optional,The commissioner of the PEF study may ask the verifier(s) to sign a non-disclosure agreement (NDA).,"Hence, verifier(s) shall not disseminate or otherwise retain for use, without the organisation’s permission, any information disclosed to them during the course of the verification/validation process."
2238,requirement,"The verification and validation report ( ) shall include all findings of the verification/ validation process, the actions taken by the commissioner to answer the comments of the verifier(s), and the final conclusion.",The commissioner of the PEF study may ask the verifier(s) to sign a non-disclosure agreement (NDA).
2239,optional,"The report is mandatory, but it may be confidential.","The verification and validation report ( ) shall include all findings of the verification/ validation process, the actions taken by the commissioner to answer the comments of the verifier(s), and the final conclusion."
2240,requirement,"Confidential information shall only be shared with the European Commission or the body overseeing the PEFCR development, and the review panel at their request.","The report is mandatory, but it may be confidential."
2242,optional,‘compliant’ if the document or on-site checks prove that the requirements of this section are fulfilled;,The final conclusion may be of a different nature:
2243,optional,‘not compliant’ if the document or on-site checks prove that the requirements of this section are not fulfilled;,The final conclusion may be of a different nature:
2244,optional,‘complementary information needed’ if the document or on-site checks do not allow the verifier(s) to conclude on compliance.,The final conclusion may be of a different nature:
2245,optional,This may happen if the information is not transparently or sufficiently documented or made available.,* ‘complementary information needed’ if the document or on-site checks do not allow the verifier(s) to conclude on compliance.
2246,requirement,The verification and validation report shall clearly identify the specific PEF study under verification.,This may happen if the information is not transparently or sufficiently documented or made available.
2248,requirement,"title of the PEF study under verification/validation, together with the exact version of the PEF report to which the validation statement belongs;","To this purpose, it shall include the following information:"
2249,requirement,the commissioner of the PEF study;,"To this purpose, it shall include the following information:"
2250,requirement,the user of the PEF method;,"To this purpose, it shall include the following information:"
2251,requirement,"the verifier(s) or, in the case of a verification team, the team members with the identification of the lead verifier;","To this purpose, it shall include the following information:"
2252,requirement,"absence of conflicts of interest of the verifier(s) with respect to concerned products and the commissioner and any involvement in previous work (where relevant, consultancy work carried out for the user of the PEF method over the last three years);","To this purpose, it shall include the following information:"
2253,requirement,a description of the objective of the verification/validation;,"To this purpose, it shall include the following information:"
2254,requirement,the actions taken by the commissioner to answer the comments of the verifier(s);,"To this purpose, it shall include the following information:"
2255,requirement,a statement of the result (findings) of the verification/validation containing the final conclusion of the verification and validation reports;,"To this purpose, it shall include the following information:"
2256,requirement,any limitations of the verification/validation outcomes;,"To this purpose, it shall include the following information:"
2257,requirement,date on which the validation statement has been issued;,"To this purpose, it shall include the following information:"
2258,requirement,"version of the underlying PEF method and, if applicable, of the underlying PEFCR;","To this purpose, it shall include the following information:"
2259,requirement,signature of the verifier(s).,"To this purpose, it shall include the following information:"
2263,requirement,The validation statement is mandatory and shall always be provided as an annex to the PEF report.,* signature of the verifier(s).
2265,requirement,"title of the PEF study under verification/validation, together with the exact version of the PEF report to which the validation statement belongs;",The verifier(s) shall include at least the following elements and aspects in the validation statement:
2266,requirement,the commissioner of the PEF study;,The verifier(s) shall include at least the following elements and aspects in the validation statement:
2267,requirement,the user of the PEF method;,The verifier(s) shall include at least the following elements and aspects in the validation statement:
2268,requirement,"the verifier(s) or, in the case of a verification team, the team members with the identification of the lead verifier;",The verifier(s) shall include at least the following elements and aspects in the validation statement:
2269,requirement,"absence of conflicts of interest of the verifier(s) with respect to concerned products and the commissioner and any involvement in previous work (where relevant, consultancy work carried out for the user of the PEF method over the last three years);",The verifier(s) shall include at least the following elements and aspects in the validation statement:
2270,requirement,a description of the objective of the verification/validation;,The verifier(s) shall include at least the following elements and aspects in the validation statement:
2271,requirement,a statement of the result of the verification/validation containing the final conclusion of the verification and validation reports;,The verifier(s) shall include at least the following elements and aspects in the validation statement:
2272,requirement,any limitations of the verification/validation outcomes;,The verifier(s) shall include at least the following elements and aspects in the validation statement:
2273,requirement,date on which the validation statement has been issued;,The verifier(s) shall include at least the following elements and aspects in the validation statement:
2274,requirement,"version of the underlying PEF method and, if applicable, of the underlying PEFCR;",The verifier(s) shall include at least the following elements and aspects in the validation statement:
2275,requirement,signature of the verifier(s).,The verifier(s) shall include at least the following elements and aspects in the validation statement:
2279,requirement,"A verification and validation report, and a validation statement shall refer to one specific PEF report only.",* signature of the verifier(s).
2280,requirement,"The verification and validation report and the validation statement shall clearly identify the specific PEF study under verification (e.g. by including the title, the commissioner of the PEF study, the user of the PEF method – see Sections 8.5.1 and 8.5.2), together with the explicit version of the final PEF report to which the verification and validation report and a validation statement apply (e.g. by including the report date, the version number).","A verification and validation report, and a validation statement shall refer to one specific PEF report only."
2281,requirement,"Both the verification and validation report and the validation statement shall be completed based on the final PEF report, after the implementation of all the corrective actions requested by the verifier(s).","The verification and validation report and the validation statement shall clearly identify the specific PEF study under verification (e.g. by including the title, the commissioner of the PEF study, the user of the PEF method – see Sections 8.5.1 and 8.5.2), together with the explicit version of the final PEF report to which the verification and validation report and a validation statement apply (e.g. by including the report date, the version number)."
2282,requirement,They shall carry the handwritten or electronic signature of the verifier(s) in line with Regulation (EU) n ° 910/2014 ( ).,"Both the verification and validation report and the validation statement shall be completed based on the final PEF report, after the implementation of all the corrective actions requested by the verifier(s)."
2283,requirement,The maximum validity of the verification and validation report and of the validation statement shall not exceed three years starting from their issue date.,They shall carry the handwritten or electronic signature of the verifier(s) in line with Regulation (EU) n ° 910/2014 ( ).
2284,requirement,"During the validity period of the verification, surveillance (follow-up) shall be agreed between the commissioner of the PEF study and the verifier(s) to evaluate if the content is still consistent with the current situation (the suggested periodicity for this follow-up is once per year, to be agreed between the PEF study commissioner and the verifier(s)).",The maximum validity of the verification and validation report and of the validation statement shall not exceed three years starting from their issue date.
2285,requirement,The periodic checks shall focus on the parameters that according to the verifier(s) might lead to relevant changes in the results of the PEF study.,"During the validity period of the verification, surveillance (follow-up) shall be agreed between the commissioner of the PEF study and the verifier(s) to evaluate if the content is still consistent with the current situation (the suggested periodicity for this follow-up is once per year, to be agreed between the PEF study commissioner and the verifier(s))."
2286,requirement,"This means, that the results shall be recalculated considering the changes of the identified parameters.",The periodic checks shall focus on the parameters that according to the verifier(s) might lead to relevant changes in the results of the PEF study.
2294,recommendation,At the time of the periodic check the reasons for non-disclosure of information should also be reconsidered.,* relevant technological changes in the processes in Situation 1 of the Data Needs Matrix.
2295,optional,The surveillance verification may be organised as a document check and/or through on-site inspections.,At the time of the periodic check the reasons for non-disclosure of information should also be reconsidered.
2296,requirement,"Regardless of the validity, the PEF study (and consequently the PEF report) shall be updated during the surveillance period if the results of one of the impact categories communicated has worsened by more than 10.0% compared to the verified data, or if the total aggregated score has worsened by more than 5.0% compared to the verified data.",The surveillance verification may be organised as a document check and/or through on-site inspections.
2297,requirement,"If these changes also affect the content of the communication vehicle, it shall be updated accordingly.","Regardless of the validity, the PEF study (and consequently the PEF report) shall be updated during the surveillance period if the results of one of the impact categories communicated has worsened by more than 10.0% compared to the verified data, or if the total aggregated score has worsened by more than 5.0% compared to the verified data."
2350,optional,"European Commission (2005): Directive 2005/29/EC of the European Parliament and of the Council of 11 May 2005 concerning unfair business-to-consumer commercial practices in the internal market and amending Council Directive 84/450/EEC, Directives 97/7/EC, 98/27/EC and 2002/65/EC of the European Parliament and of the Council and Regulation (EC) No 2006/2004 of the European Parliament and of the Council (‘Unfair Commercial Practices Directive’) OJ L 149, 11.6.2005, p. 22–39.","European Commission - Joint Research Centre - (2011b): Analysis of Existing Environmental Footprint methodologies for Products and Organisations: Recommendations, Rationale, and Alignment, in press."
2358,optional,"European Commission (2013): Decision No 529/2013/EU of the European Parliament and of the Council of 21 May 2013 on accounting rules on greenhouse gas emissions and removals resulting from activities relating to land use, land-use change and forestry and on information concerning actions relating to those activities.",COM(2012) 595 final. {SWD(2012) 343 final} {SWD(2012) 344 final}
2364,optional,European Parliament and the Council of the European Union (2018): Directive (EU) 2018/851 of the European Parliament and of the Council of 30 May 2018 amending Directive 2008/98/EC on waste.,"European Parliament and the Council of the European Union (2009): Directive 2009/28/EC of the European Parliament and of the Council of 23 April 2009 on the promotion of the use of energy from renewable sources and amending and subsequently repealing Directives 2001/77/EC and 2003/30/EC, OJ L 140, 5.6.2009, p. 16–62"
